SET SQL_MODE = "NO_AUTO_VALUE_ON_ZERO";
SET time_zone = "+01:00";


/*!40101 SET @OLD_CHARACTER_SET_CLIENT=@@CHARACTER_SET_CLIENT */;
/*!40101 SET @OLD_CHARACTER_SET_RESULTS=@@CHARACTER_SET_RESULTS */;
/*!40101 SET @OLD_COLLATION_CONNECTION=@@COLLATION_CONNECTION */;
/*!40101 SET NAMES utf8 */;


-- Clears database, reverse create order
drop table if exists `problemImpact`;
drop table if exists `problem`;
drop table if exists `workgroupModelBenefit`;
drop table if exists `workgroupmember`;
drop table if exists `workgroupinvites`;
drop table if exists `workgroup`;
drop table if exists `voteonmodel`;
drop table if exists `userprofile`;
drop table if exists `user`;
drop table if exists `activegroupmodel`;
drop table if exists `modelcomment`;
drop table if exists `model`;
drop table if exists `benefit`;

CREATE TABLE `benefit`(
`benefitID` int(11) NOT NULL AUTO_INCREMENT,
`benefitDescription` varchar(50),
PRIMARY KEY (`benefitID`)
);
INSERT INTO `benefit` (`benefitID`, `benefitDescription`) VALUES
(1, 'Time'),
(2, 'Customer orientation'),
(3, 'Cost reduction'),
(4, 'Employee satisfaction'),
(5, 'Output quality'),
(6, 'Risk Control');


CREATE TABLE `model` (
  `modelID` int(11) NOT NULL AUTO_INCREMENT,
  `groupID` int(11) NOT NULL,
  `modelCreator` int(11) NOT NULL,
  `modelName` varchar(50) NOT NULL DEFAULT '',
  `modelType` int(11) NOT NULL,
  `modelString` longtext NOT NULL,
  `creationDate` varchar(20) NOT NULL,
  `isProposal` int(11) NOT NULL DEFAULT '0',
  PRIMARY KEY (`modelID`),
  KEY `groupID` (`groupID`),
  KEY `modelCreator` (`modelCreator`)
) ENGINE=InnoDB  DEFAULT CHARSET=latin1 AUTO_INCREMENT=54 ;
INSERT INTO `model` (`modelID`, `groupID`, `modelCreator`, `modelName`, `modelType`, `modelString`, `creationDate`, `isProposal`) VALUES
(36, 12, 1, '123', 0, '{"resourceId":"oryx-canvas","properties":{"id":"","name":"","documentation":"","auditing":"","monitoring":"","version":"","author":"","language":"English","targetnamespace":"http://www.omg.org/bpmn20","expressionlanguage":"","querylanguage":"","creationdate":"","modificationdate":"","pools":""},"stencil":{"id":"BPMNDiagram"},"childShapes":[{"resourceId":"oryx_149525D8-F656-493A-9F79-119DE34A2858","properties":{"id":"","name":"","documentation":"","auditing":"","monitoring":"","conditiontype":"None","conditionexpression":"","showdiamondmarker":""},"stencil":{"id":"SequenceFlow"},"childShapes":[],"outgoing":[],"bounds":{"lowerRight":{"x":339,"y":172},"upperLeft":{"x":139,"y":172}},"dockers":[{"x":139,"y":172,"id":"oryx_149525D8-F656-493A-9F79-119DE34A2858_0"},{"x":339,"y":172,"id":"oryx_149525D8-F656-493A-9F79-119DE34A2858_2"}]}],"bounds":{"lowerRight":{"x":1920,"y":550},"upperLeft":{"x":0,"y":0}},"stencilset":{"url":"editor/data/stencilsets/bpmn2.0/bpmn2.0.json","namespace":"http://b3mn.org/stencilset/bpmn2.0#"}}', '2014-05-16 16:21:34', 0),
(37, 12, 1, '123', 0, '{"resourceId":"oryx-canvas","properties":{"id":"","name":"","documentation":"","auditing":"","monitoring":"","version":"","author":"","language":"English","targetnamespace":"http://www.omg.org/bpmn20","expressionlanguage":"","querylanguage":"","creationdate":"","modificationdate":"","pools":""},"stencil":{"id":"BPMNDiagram"},"childShapes":[{"resourceId":"oryx_149525D8-F656-493A-9F79-119DE34A2858","properties":{"id":"","name":"","documentation":"","auditing":"","monitoring":"","conditiontype":"None","conditionexpression":"","showdiamondmarker":""},"stencil":{"id":"SequenceFlow"},"childShapes":[],"outgoing":[],"bounds":{"lowerRight":{"x":339,"y":172},"upperLeft":{"x":139,"y":172}},"dockers":[{"x":139,"y":172,"id":"oryx_149525D8-F656-493A-9F79-119DE34A2858_0"},{"x":339,"y":172,"id":"oryx_149525D8-F656-493A-9F79-119DE34A2858_2"}]}],"bounds":{"lowerRight":{"x":1920,"y":550},"upperLeft":{"x":0,"y":0}},"stencilset":{"url":"editor/data/stencilsets/bpmn2.0/bpmn2.0.json","namespace":"http://b3mn.org/stencilset/bpmn2.0#"}}', '2014-05-16 16:21:39', 0),
(38, 12, 1, '23', 0, '{"resourceId":"oryx-canvas","properties":{"id":"","name":"","documentation":"","auditing":"","monitoring":"","version":"","author":"","language":"English","targetnamespace":"http://www.omg.org/bpmn20","expressionlanguage":"","querylanguage":"","creationdate":"","modificationdate":"","pools":""},"stencil":{"id":"BPMNDiagram"},"childShapes":[{"resourceId":"oryx_4F7BBEF1-F948-4772-8C05-D3652C0ECB05","properties":{"id":"","name":"","documentation":"","auditing":"","monitoring":"","eventdefinitionref":"","eventdefinitions":"","dataoutputassociations":"","dataoutput":"","outputset":"","bgcolor":"#ffffff","trigger":"None"},"stencil":{"id":"StartNoneEvent"},"childShapes":[],"outgoing":[],"bounds":{"lowerRight":{"x":237,"y":160},"upperLeft":{"x":207,"y":130}},"dockers":[]}],"bounds":{"lowerRight":{"x":1920,"y":550},"upperLeft":{"x":0,"y":0}},"stencilset":{"url":"editor/data/stencilsets/bpmn2.0/bpmn2.0.json","namespace":"http://b3mn.org/stencilset/bpmn2.0#"}}', '2014-05-16 16:22:41', 0),
(39, 12, 1, '23', 0, '{"resourceId":"oryx-canvas","properties":{"id":"","name":"","documentation":"","auditing":"","monitoring":"","version":"","author":"","language":"English","targetnamespace":"http://www.omg.org/bpmn20","expressionlanguage":"","querylanguage":"","creationdate":"","modificationdate":"","pools":""},"stencil":{"id":"BPMNDiagram"},"childShapes":[{"resourceId":"oryx_4F7BBEF1-F948-4772-8C05-D3652C0ECB05","properties":{"id":"","name":"","documentation":"","auditing":"","monitoring":"","eventdefinitionref":"","eventdefinitions":"","dataoutputassociations":"","dataoutput":"","outputset":"","bgcolor":"#ffffff","trigger":"None"},"stencil":{"id":"StartNoneEvent"},"childShapes":[],"outgoing":[],"bounds":{"lowerRight":{"x":237,"y":160},"upperLeft":{"x":207,"y":130}},"dockers":[]}],"bounds":{"lowerRight":{"x":1920,"y":550},"upperLeft":{"x":0,"y":0}},"stencilset":{"url":"editor/data/stencilsets/bpmn2.0/bpmn2.0.json","namespace":"http://b3mn.org/stencilset/bpmn2.0#"}}', '2014-05-16 16:22:48', 0),
(42, 0, 1, '23', 0, '{"resourceId":"oryx-canvas","properties":{"id":"","name":"","documentation":"","auditing":"","monitoring":"","version":"","author":"","language":"English","targetnamespace":"http://www.omg.org/bpmn20","expressionlanguage":"","querylanguage":"","creationdate":"","modificationdate":"","pools":""},"stencil":{"id":"BPMNDiagram"},"childShapes":[{"resourceId":"oryx_4F7BBEF1-F948-4772-8C05-D3652C0ECB05","properties":{"id":"","name":"","documentation":"","auditing":"","monitoring":"","eventdefinitionref":"","eventdefinitions":"","dataoutputassociations":"","dataoutput":"","outputset":"","bgcolor":"#ffffff","trigger":"None"},"stencil":{"id":"StartNoneEvent"},"childShapes":[],"outgoing":[],"bounds":{"lowerRight":{"x":237,"y":160},"upperLeft":{"x":207,"y":130}},"dockers":[]}],"bounds":{"lowerRight":{"x":1920,"y":550},"upperLeft":{"x":0,"y":0}},"stencilset":{"url":"editor/data/stencilsets/bpmn2.0/bpmn2.0.json","namespace":"http://b3mn.org/stencilset/bpmn2.0#"}}', '2014-05-21 09:28:15', 0),
(43, 0, 1, '23', 0, '{"resourceId":"oryx-canvas","properties":{"id":"","name":"","documentation":"","auditing":"","monitoring":"","version":"","author":"","language":"English","targetnamespace":"http://www.omg.org/bpmn20","expressionlanguage":"","querylanguage":"","creationdate":"","modificationdate":"","pools":""},"stencil":{"id":"BPMNDiagram"},"childShapes":[{"resourceId":"oryx_4F7BBEF1-F948-4772-8C05-D3652C0ECB05","properties":{"id":"","name":"","documentation":"","auditing":"","monitoring":"","eventdefinitionref":"","eventdefinitions":"","dataoutputassociations":"","dataoutput":"","outputset":"","bgcolor":"#ffffff","trigger":"None"},"stencil":{"id":"StartNoneEvent"},"childShapes":[],"outgoing":[],"bounds":{"lowerRight":{"x":237,"y":160},"upperLeft":{"x":207,"y":130}},"dockers":[]},{"resourceId":"oryx_28E0246D-5036-4483-87D5-8203FF2DF4C3","properties":{"id":"","name":"","documentation":"","auditing":"","monitoring":"","conditiontype":"None","conditionexpression":"","showdiamondmarker":""},"stencil":{"id":"SequenceFlow"},"childShapes":[],"outgoing":[],"bounds":{"lowerRight":{"x":308,"y":73},"upperLeft":{"x":108,"y":73}},"dockers":[{"x":108,"y":73,"id":"oryx_28E0246D-5036-4483-87D5-8203FF2DF4C3_0"},{"x":308,"y":73,"id":"oryx_28E0246D-5036-4483-87D5-8203FF2DF4C3_2"}]}],"bounds":{"lowerRight":{"x":1920,"y":550},"upperLeft":{"x":0,"y":0}},"stencilset":{"url":"editor/data/stencilsets/bpmn2.0/bpmn2.0.json","namespace":"http://b3mn.org/stencilset/bpmn2.0#"}}', '2014-05-21 09:29:02', 0),
(45, 0, 4, 'johans', 0, '{"resourceId":"oryx-canvas","properties":{"id":"","name":"","documentation":"","auditing":"","monitoring":"","version":"","author":"","language":"English","targetnamespace":"http://www.omg.org/bpmn20","expressionlanguage":"","querylanguage":"","creationdate":"","modificationdate":"","pools":""},"stencil":{"id":"BPMNDiagram"},"childShapes":[{"resourceId":"oryx_7262058B-1AD5-4016-B504-9EFCF69CEC0D","properties":{"id":"","name":"","documentation":"","auditing":"","monitoring":"","eventdefinitionref":"","eventdefinitions":"","dataoutputassociations":"","dataoutput":"","outputset":"","bgcolor":"#ffffff","trigger":"None"},"stencil":{"id":"StartNoneEvent"},"childShapes":[],"outgoing":[{"resourceId":"oryx_3405CC21-A751-4FD1-B298-FA434ABA5972_edge"}],"bounds":{"lowerRight":{"x":220,"y":129},"upperLeft":{"x":190,"y":99}},"dockers":[]},{"resourceId":"oryx_3405CC21-A751-4FD1-B298-FA434ABA5972","properties":{"id":"","name":"","documentation":"","auditing":"","monitoring":"","categories":"","itemsubjectref":"","datastate":"","bgcolor":"#ffffff","state":"","properties":"","input_output":"None","requiredforstart":true,"producedatcompletion":true,"iscollection":""},"stencil":{"id":"DataObject"},"childShapes":[],"outgoing":[{"resourceId":"oryx_C5BEB75B-4CE4-4102-A5F3-07B6F98A9614_edge"}],"bounds":{"lowerRight":{"x":338,"y":256},"upperLeft":{"x":250,"y":159}},"dockers":[]},{"resourceId":"oryx_3405CC21-A751-4FD1-B298-FA434ABA5972_edge","properties":{},"stencil":{"id":"Association_Unidirectional"},"childShapes":[],"outgoing":[{"resourceId":"oryx_3405CC21-A751-4FD1-B298-FA434ABA5972"}],"bounds":{"lowerRight":{"x":249.5058507909277,"y":160.7561466174353},"upperLeft":{"x":215.4238367090723,"y":124.95088463256472}},"dockers":[{"x":15,"y":15,"id":"oryx_3405CC21-A751-4FD1-B298-FA434ABA5972_edge_0"},{"x":44,"y":48.5,"id":"oryx_3405CC21-A751-4FD1-B298-FA434ABA5972_edge_2"}],"target":{"resourceId":"oryx_3405CC21-A751-4FD1-B298-FA434ABA5972"}},{"resourceId":"oryx_C5BEB75B-4CE4-4102-A5F3-07B6F98A9614","properties":{"id":"","name":"","documentation":"","auditing":"","monitoring":"","eventdefinitionref":"","eventdefinitions":"","datainputassociations":"","datainput":"","inputset":"","bgcolor":"#ffffff","trigger":"None"},"stencil":{"id":"IntermediateEvent"},"childShapes":[],"outgoing":[],"bounds":{"lowerRight":{"x":413,"y":222.5},"upperLeft":{"x":383,"y":192.5}},"dockers":[{"x":398,"y":207.5,"id":"oryx_237CDFF6-641F-4681-9B15-D87CDE9DD3AA"}]},{"resourceId":"oryx_C5BEB75B-4CE4-4102-A5F3-07B6F98A9614_edge","properties":{},"stencil":{"id":"Association_Unidirectional"},"childShapes":[],"outgoing":[{"resourceId":"oryx_C5BEB75B-4CE4-4102-A5F3-07B6F98A9614"}],"bounds":{"lowerRight":{"x":382.375,"y":207.5},"upperLeft":{"x":338.875,"y":207.5}},"dockers":[{"x":44,"y":48.5,"id":"oryx_C5BEB75B-4CE4-4102-A5F3-07B6F98A9614_edge_0"},{"x":15,"y":15,"id":"oryx_C5BEB75B-4CE4-4102-A5F3-07B6F98A9614_edge_2"}],"target":{"resourceId":"oryx_C5BEB75B-4CE4-4102-A5F3-07B6F98A9614"}}],"bounds":{"lowerRight":{"x":1920,"y":550},"upperLeft":{"x":0,"y":0}},"stencilset":{"url":"editor/data/stencilsets/bpmn2.0/bpmn2.0.json","namespace":"http://b3mn.org/stencilset/bpmn2.0#"}}', '2014-05-22 10:04:06', 0),
(46, 12, 1, 'johans', 0, '{"resourceId":"oryx-canvas","properties":{"id":"","name":"","documentation":"","auditing":"","monitoring":"","version":"","author":"","language":"English","targetnamespace":"http://www.omg.org/bpmn20","expressionlanguage":"","querylanguage":"","creationdate":"","modificationdate":"","pools":""},"stencil":{"id":"BPMNDiagram"},"childShapes":[{"resourceId":"oryx_6146E4F7-5393-464A-81A8-3F035432290D","properties":{"id":"","name":"","documentation":"","auditing":"","monitoring":"","eventdefinitionref":"","eventdefinitions":"","dataoutputassociations":"","dataoutput":"","outputset":"","bgcolor":"#ffffff","trigger":"None"},"stencil":{"id":"StartNoneEvent"},"childShapes":[],"outgoing":[{"resourceId":"oryx_E2E72C87-FE93-4E20-A814-102A7B8D8651_edge"}],"bounds":{"lowerRight":{"x":293,"y":139},"upperLeft":{"x":263,"y":109}},"dockers":[]},{"resourceId":"oryx_E2E72C87-FE93-4E20-A814-102A7B8D8651","properties":{"id":"","name":"","documentation":"","auditing":"","monitoring":"","categories":"","startquantity":1,"completionquantity":1,"status":"None","performers":"","properties":"","inputsets":"","inputs":"","outputsets":"","outputs":"","iorules":"","testtime":"After","mi_condition":"","mi_flowcondition":"All","isforcompensation":"","assignments":"","pool":"","lanes":"","looptype":"None","loopcondition":"","loopcounter":1,"loopmaximum":1,"callacitivity":"","activitytype":"Task","tasktype":"None","inmessage":"","outmessage":"","implementation":"Webservice","complexmi_condition":"","messageref":"","operationref":"","taskref":"","instantiate":"","script":"","bgcolor":"#ffffcc"},"stencil":{"id":"Task"},"childShapes":[],"outgoing":[{"resourceId":"oryx_33C22237-C99C-4174-A3C8-80144C1D0893_edge"}],"bounds":{"lowerRight":{"x":438,"y":164},"upperLeft":{"x":338,"y":84}},"dockers":[]},{"resourceId":"oryx_E2E72C87-FE93-4E20-A814-102A7B8D8651_edge","properties":{"id":"","name":"","documentation":"","auditing":"","monitoring":"","conditiontype":"None","conditionexpression":"","showdiamondmarker":""},"stencil":{"id":"SequenceFlow"},"childShapes":[],"outgoing":[{"resourceId":"oryx_E2E72C87-FE93-4E20-A814-102A7B8D8651"}],"bounds":{"lowerRight":{"x":337.15625,"y":125},"upperLeft":{"x":293.609375,"y":123}},"dockers":[{"x":15,"y":15,"id":"oryx_E2E72C87-FE93-4E20-A814-102A7B8D8651_edge_0"},{"x":50,"y":40,"id":"oryx_E2E72C87-FE93-4E20-A814-102A7B8D8651_edge_2"}],"target":{"resourceId":"oryx_E2E72C87-FE93-4E20-A814-102A7B8D8651"}},{"resourceId":"oryx_33C22237-C99C-4174-A3C8-80144C1D0893","properties":{"id":"","name":"","documentation":"","auditing":"","monitoring":"","categories":"","assignments":"","pool":"","lanes":"","gates":"","gates_outgoingsequenceflow":"","gates_assignments":"","bgcolor":"#ffffff","gatewaytype":"XOR","xortype":"Data","markervisible":"true","defaultgate":"","gate_outgoingsequenceflow":"","gate_assignments":""},"stencil":{"id":"Exclusive_Databased_Gateway"},"childShapes":[],"outgoing":[{"resourceId":"oryx_06F36C75-8F6B-422D-BB29-F60056888168_edge"}],"bounds":{"lowerRight":{"x":523,"y":144},"upperLeft":{"x":483,"y":104}},"dockers":[]},{"resourceId":"oryx_33C22237-C99C-4174-A3C8-80144C1D0893_edge","properties":{"id":"","name":"","documentation":"","auditing":"","monitoring":"","conditiontype":"None","conditionexpression":"","showdiamondmarker":""},"stencil":{"id":"SequenceFlow"},"childShapes":[],"outgoing":[{"resourceId":"oryx_33C22237-C99C-4174-A3C8-80144C1D0893"}],"bounds":{"lowerRight":{"x":482.64844687000755,"y":124.4097335362338},"upperLeft":{"x":438.62889687999245,"y":124.2191727137662}},"dockers":[{"x":50,"y":40,"id":"oryx_33C22237-C99C-4174-A3C8-80144C1D0893_edge_0"},{"x":20.5,"y":20.5,"id":"oryx_33C22237-C99C-4174-A3C8-80144C1D0893_edge_2"}],"target":{"resourceId":"oryx_33C22237-C99C-4174-A3C8-80144C1D0893"}},{"resourceId":"oryx_06F36C75-8F6B-422D-BB29-F60056888168","properties":{"id":"","name":"","documentation":"","auditing":"","monitoring":"","categories":"","startquantity":1,"completionquantity":1,"status":"None","performers":"","properties":"","inputsets":"","inputs":"","outputsets":"","outputs":"","iorules":"","testtime":"After","mi_condition":"","mi_flowcondition":"All","isforcompensation":"","assignments":"","pool":"","lanes":"","looptype":"None","loopcondition":"","loopcounter":1,"loopmaximum":1,"callacitivity":"","activitytype":"Task","tasktype":"None","inmessage":"","outmessage":"","implementation":"Webservice","complexmi_condition":"","messageref":"","operationref":"","taskref":"","instantiate":"","script":"","bgcolor":"#ffffcc"},"stencil":{"id":"Task"},"childShapes":[],"outgoing":[{"resourceId":"oryx_B4E601A7-E8BF-43BD-A18C-90CD0C06AF9A_edge"}],"bounds":{"lowerRight":{"x":668,"y":164},"upperLeft":{"x":568,"y":84}},"dockers":[]},{"resourceId":"oryx_06F36C75-8F6B-422D-BB29-F60056888168_edge","properties":{"id":"","name":"","documentation":"","auditing":"","monitoring":"","conditiontype":"None","conditionexpression":"","showdiamondmarker":""},"stencil":{"id":"SequenceFlow"},"childShapes":[],"outgoing":[{"resourceId":"oryx_06F36C75-8F6B-422D-BB29-F60056888168"}],"bounds":{"lowerRight":{"x":567.8007907843881,"y":124.41360197940782},"upperLeft":{"x":523.2851467156119,"y":124.21921052059218}},"dockers":[{"x":20.5,"y":20.5,"id":"oryx_06F36C75-8F6B-422D-BB29-F60056888168_edge_0"},{"x":50,"y":40,"id":"oryx_06F36C75-8F6B-422D-BB29-F60056888168_edge_2"}],"target":{"resourceId":"oryx_06F36C75-8F6B-422D-BB29-F60056888168"}},{"resourceId":"oryx_B4E601A7-E8BF-43BD-A18C-90CD0C06AF9A","properties":{"id":"","name":"","documentation":"","auditing":"","monitoring":"","eventdefinitionref":"","eventdefinitions":"","datainputassociations":"","datainput":"","inputset":"","bgcolor":"#ffffff","trigger":"None"},"stencil":{"id":"IntermediateEvent"},"childShapes":[],"outgoing":[],"bounds":{"lowerRight":{"x":743,"y":139},"upperLeft":{"x":713,"y":109}},"dockers":[{"x":728,"y":124,"id":"oryx_53E9380A-105D-4E36-858A-6FD8B26948A5"}]},{"resourceId":"oryx_B4E601A7-E8BF-43BD-A18C-90CD0C06AF9A_edge","properties":{"id":"","name":"","documentation":"","auditing":"","monitoring":"","conditiontype":"None","conditionexpression":"","showdiamondmarker":""},"stencil":{"id":"SequenceFlow"},"childShapes":[],"outgoing":[{"resourceId":"oryx_B4E601A7-E8BF-43BD-A18C-90CD0C06AF9A"}],"bounds":{"lowerRight":{"x":712.390625,"y":124},"upperLeft":{"x":668.84375,"y":124}},"dockers":[{"x":50,"y":40,"id":"oryx_B4E601A7-E8BF-43BD-A18C-90CD0C06AF9A_edge_0"},{"x":15,"y":15,"id":"oryx_B4E601A7-E8BF-43BD-A18C-90CD0C06AF9A_edge_2"}],"target":{"resourceId":"oryx_B4E601A7-E8BF-43BD-A18C-90CD0C06AF9A"}}],"bounds":{"lowerRight":{"x":1920,"y":550},"upperLeft":{"x":0,"y":0}},"stencilset":{"url":"editor/data/stencilsets/bpmn2.0/bpmn2.0.json","namespace":"http://b3mn.org/stencilset/bpmn2.0#"}}', '2014-05-22 10:05:53', 0),
(47, 12, 1, 'johans', 0, '{"resourceId":"oryx-canvas","properties":{"id":"","name":"","documentation":"","auditing":"","monitoring":"","version":"","author":"","language":"English","targetnamespace":"http://www.omg.org/bpmn20","expressionlanguage":"","querylanguage":"","creationdate":"","modificationdate":"","pools":""},"stencil":{"id":"BPMNDiagram"},"childShapes":[{"resourceId":"oryx_6146E4F7-5393-464A-81A8-3F035432290D","properties":{"id":"","name":"","documentation":"","auditing":"","monitoring":"","eventdefinitionref":"","eventdefinitions":"","dataoutputassociations":"","dataoutput":"","outputset":"","bgcolor":"#ffffff","trigger":"None"},"stencil":{"id":"StartNoneEvent"},"childShapes":[],"outgoing":[{"resourceId":"oryx_E2E72C87-FE93-4E20-A814-102A7B8D8651_edge"}],"bounds":{"lowerRight":{"x":293,"y":139},"upperLeft":{"x":263,"y":109}},"dockers":[]},{"resourceId":"oryx_E2E72C87-FE93-4E20-A814-102A7B8D8651","properties":{"id":"","name":"","documentation":"","auditing":"","monitoring":"","categories":"","startquantity":1,"completionquantity":1,"status":"None","performers":"","properties":"","inputsets":"","inputs":"","outputsets":"","outputs":"","iorules":"","testtime":"After","mi_condition":"","mi_flowcondition":"All","isforcompensation":"","assignments":"","pool":"","lanes":"","looptype":"None","loopcondition":"","loopcounter":1,"loopmaximum":1,"callacitivity":"","activitytype":"Task","tasktype":"None","inmessage":"","outmessage":"","implementation":"Webservice","complexmi_condition":"","messageref":"","operationref":"","taskref":"","instantiate":"","script":"","bgcolor":"#ffffcc"},"stencil":{"id":"Task"},"childShapes":[],"outgoing":[{"resourceId":"oryx_33C22237-C99C-4174-A3C8-80144C1D0893_edge"}],"bounds":{"lowerRight":{"x":438,"y":164},"upperLeft":{"x":338,"y":84}},"dockers":[]},{"resourceId":"oryx_E2E72C87-FE93-4E20-A814-102A7B8D8651_edge","properties":{"id":"","name":"","documentation":"","auditing":"","monitoring":"","conditiontype":"None","conditionexpression":"","showdiamondmarker":""},"stencil":{"id":"SequenceFlow"},"childShapes":[],"outgoing":[{"resourceId":"oryx_E2E72C87-FE93-4E20-A814-102A7B8D8651"}],"bounds":{"lowerRight":{"x":337.15625,"y":125},"upperLeft":{"x":293.609375,"y":123}},"dockers":[{"x":15,"y":15,"id":"oryx_E2E72C87-FE93-4E20-A814-102A7B8D8651_edge_0"},{"x":50,"y":40,"id":"oryx_E2E72C87-FE93-4E20-A814-102A7B8D8651_edge_2"}],"target":{"resourceId":"oryx_E2E72C87-FE93-4E20-A814-102A7B8D8651"}},{"resourceId":"oryx_33C22237-C99C-4174-A3C8-80144C1D0893","properties":{"id":"","name":"","documentation":"","auditing":"","monitoring":"","categories":"","assignments":"","pool":"","lanes":"","gates":"","gates_outgoingsequenceflow":"","gates_assignments":"","bgcolor":"#ffffff","gatewaytype":"XOR","xortype":"Data","markervisible":"true","defaultgate":"","gate_outgoingsequenceflow":"","gate_assignments":""},"stencil":{"id":"Exclusive_Databased_Gateway"},"childShapes":[],"outgoing":[{"resourceId":"oryx_06F36C75-8F6B-422D-BB29-F60056888168_edge"}],"bounds":{"lowerRight":{"x":523,"y":144},"upperLeft":{"x":483,"y":104}},"dockers":[]},{"resourceId":"oryx_33C22237-C99C-4174-A3C8-80144C1D0893_edge","properties":{"id":"","name":"","documentation":"","auditing":"","monitoring":"","conditiontype":"None","conditionexpression":"","showdiamondmarker":""},"stencil":{"id":"SequenceFlow"},"childShapes":[],"outgoing":[{"resourceId":"oryx_33C22237-C99C-4174-A3C8-80144C1D0893"}],"bounds":{"lowerRight":{"x":482.64844687000755,"y":124.4097335362338},"upperLeft":{"x":438.62889687999245,"y":124.2191727137662}},"dockers":[{"x":50,"y":40,"id":"oryx_33C22237-C99C-4174-A3C8-80144C1D0893_edge_0"},{"x":20.5,"y":20.5,"id":"oryx_33C22237-C99C-4174-A3C8-80144C1D0893_edge_2"}],"target":{"resourceId":"oryx_33C22237-C99C-4174-A3C8-80144C1D0893"}},{"resourceId":"oryx_06F36C75-8F6B-422D-BB29-F60056888168","properties":{"id":"","name":"","documentation":"","auditing":"","monitoring":"","categories":"","startquantity":1,"completionquantity":1,"status":"None","performers":"","properties":"","inputsets":"","inputs":"","outputsets":"","outputs":"","iorules":"","testtime":"After","mi_condition":"","mi_flowcondition":"All","isforcompensation":"","assignments":"","pool":"","lanes":"","looptype":"None","loopcondition":"","loopcounter":1,"loopmaximum":1,"callacitivity":"","activitytype":"Task","tasktype":"None","inmessage":"","outmessage":"","implementation":"Webservice","complexmi_condition":"","messageref":"","operationref":"","taskref":"","instantiate":"","script":"","bgcolor":"#ffffcc"},"stencil":{"id":"Task"},"childShapes":[],"outgoing":[{"resourceId":"oryx_B4E601A7-E8BF-43BD-A18C-90CD0C06AF9A_edge"}],"bounds":{"lowerRight":{"x":668,"y":164},"upperLeft":{"x":568,"y":84}},"dockers":[]},{"resourceId":"oryx_06F36C75-8F6B-422D-BB29-F60056888168_edge","properties":{"id":"","name":"","documentation":"","auditing":"","monitoring":"","conditiontype":"None","conditionexpression":"","showdiamondmarker":""},"stencil":{"id":"SequenceFlow"},"childShapes":[],"outgoing":[{"resourceId":"oryx_06F36C75-8F6B-422D-BB29-F60056888168"}],"bounds":{"lowerRight":{"x":567.8007907843881,"y":124.41360197940782},"upperLeft":{"x":523.2851467156119,"y":124.21921052059218}},"dockers":[{"x":20.5,"y":20.5,"id":"oryx_06F36C75-8F6B-422D-BB29-F60056888168_edge_0"},{"x":50,"y":40,"id":"oryx_06F36C75-8F6B-422D-BB29-F60056888168_edge_2"}],"target":{"resourceId":"oryx_06F36C75-8F6B-422D-BB29-F60056888168"}},{"resourceId":"oryx_B4E601A7-E8BF-43BD-A18C-90CD0C06AF9A","properties":{"id":"","name":"","documentation":"","auditing":"","monitoring":"","eventdefinitionref":"","eventdefinitions":"","datainputassociations":"","datainput":"","inputset":"","bgcolor":"#ffffff","trigger":"None"},"stencil":{"id":"IntermediateEvent"},"childShapes":[],"outgoing":[],"bounds":{"lowerRight":{"x":743,"y":139},"upperLeft":{"x":713,"y":109}},"dockers":[{"x":728,"y":124,"id":"oryx_53E9380A-105D-4E36-858A-6FD8B26948A5"}]},{"resourceId":"oryx_B4E601A7-E8BF-43BD-A18C-90CD0C06AF9A_edge","properties":{"id":"","name":"","documentation":"","auditing":"","monitoring":"","conditiontype":"None","conditionexpression":"","showdiamondmarker":""},"stencil":{"id":"SequenceFlow"},"childShapes":[],"outgoing":[{"resourceId":"oryx_B4E601A7-E8BF-43BD-A18C-90CD0C06AF9A"}],"bounds":{"lowerRight":{"x":712.390625,"y":124},"upperLeft":{"x":668.84375,"y":124}},"dockers":[{"x":50,"y":40,"id":"oryx_B4E601A7-E8BF-43BD-A18C-90CD0C06AF9A_edge_0"},{"x":15,"y":15,"id":"oryx_B4E601A7-E8BF-43BD-A18C-90CD0C06AF9A_edge_2"}],"target":{"resourceId":"oryx_B4E601A7-E8BF-43BD-A18C-90CD0C06AF9A"}}],"bounds":{"lowerRight":{"x":1920,"y":550},"upperLeft":{"x":0,"y":0}},"stencilset":{"url":"editor/data/stencilsets/bpmn2.0/bpmn2.0.json","namespace":"http://b3mn.org/stencilset/bpmn2.0#"}}', '2014-05-22 10:05:58', 1),
(48, 12, 3, 'manges', 0, '{"resourceId":"oryx-canvas","properties":{"id":"","name":"","documentation":"","auditing":"","monitoring":"","version":"","author":"","language":"English","targetnamespace":"http://www.omg.org/bpmn20","expressionlanguage":"","querylanguage":"","creationdate":"","modificationdate":"","pools":""},"stencil":{"id":"BPMNDiagram"},"childShapes":[{"resourceId":"oryx_3B34FD0D-CFB6-4B0C-9E2F-6DEE99C31E50","properties":{"id":"","name":"","documentation":"","auditing":"","monitoring":"","eventdefinitionref":"","eventdefinitions":"","dataoutputassociations":"","dataoutput":"","outputset":"","bgcolor":"#ffffff","trigger":"None"},"stencil":{"id":"StartNoneEvent"},"childShapes":[],"outgoing":[{"resourceId":"oryx_62430E94-DF5C-418F-8BD4-E694B9E20C62_edge"}],"bounds":{"lowerRight":{"x":274,"y":216},"upperLeft":{"x":244,"y":186}},"dockers":[]},{"resourceId":"oryx_62430E94-DF5C-418F-8BD4-E694B9E20C62","properties":{"id":"","name":"","documentation":"","auditing":"","monitoring":"","categories":"","startquantity":1,"completionquantity":1,"status":"None","performers":"","properties":"","inputsets":"","inputs":"","outputsets":"","outputs":"","iorules":"","testtime":"After","mi_condition":"","mi_flowcondition":"All","isforcompensation":"","assignments":"","pool":"","lanes":"","looptype":"None","loopcondition":"","loopcounter":1,"loopmaximum":1,"callacitivity":"","activitytype":"Task","tasktype":"None","inmessage":"","outmessage":"","implementation":"Webservice","complexmi_condition":"","messageref":"","operationref":"","taskref":"","instantiate":"","script":"","bgcolor":"#ffffcc"},"stencil":{"id":"Task"},"childShapes":[],"outgoing":[{"resourceId":"oryx_81C341D6-5707-4068-9497-B8D98E4E3489_edge"}],"bounds":{"lowerRight":{"x":419,"y":241},"upperLeft":{"x":319,"y":161}},"dockers":[]},{"resourceId":"oryx_62430E94-DF5C-418F-8BD4-E694B9E20C62_edge","properties":{"id":"","name":"","documentation":"","auditing":"","monitoring":"","conditiontype":"None","conditionexpression":"","showdiamondmarker":""},"stencil":{"id":"SequenceFlow"},"childShapes":[],"outgoing":[{"resourceId":"oryx_62430E94-DF5C-418F-8BD4-E694B9E20C62"}],"bounds":{"lowerRight":{"x":318.15625,"y":202},"upperLeft":{"x":274.609375,"y":200}},"dockers":[{"x":15,"y":15,"id":"oryx_62430E94-DF5C-418F-8BD4-E694B9E20C62_edge_0"},{"x":50,"y":40,"id":"oryx_62430E94-DF5C-418F-8BD4-E694B9E20C62_edge_2"}],"target":{"resourceId":"oryx_62430E94-DF5C-418F-8BD4-E694B9E20C62"}},{"resourceId":"oryx_81C341D6-5707-4068-9497-B8D98E4E3489","properties":{"id":"","name":"","documentation":"","auditing":"","monitoring":"","categories":"","startquantity":1,"completionquantity":1,"status":"None","performers":"","properties":"","inputsets":"","inputs":"","outputsets":"","outputs":"","iorules":"","testtime":"After","mi_condition":"","mi_flowcondition":"All","isforcompensation":"","assignments":"","pool":"","lanes":"","looptype":"None","loopcondition":"","loopcounter":1,"loopmaximum":1,"callacitivity":"","activitytype":"Task","tasktype":"None","inmessage":"","outmessage":"","implementation":"Webservice","complexmi_condition":"","messageref":"","operationref":"","taskref":"","instantiate":"","script":"","bgcolor":"#ffffcc"},"stencil":{"id":"Task"},"childShapes":[],"outgoing":[{"resourceId":"oryx_267E63C5-70F3-4C7C-AEA8-B5215D046D3C_edge"}],"bounds":{"lowerRight":{"x":564,"y":241},"upperLeft":{"x":464,"y":161}},"dockers":[]},{"resourceId":"oryx_81C341D6-5707-4068-9497-B8D98E4E3489_edge","properties":{"id":"","name":"","documentation":"","auditing":"","monitoring":"","conditiontype":"None","conditionexpression":"","showdiamondmarker":""},"stencil":{"id":"SequenceFlow"},"childShapes":[],"outgoing":[{"resourceId":"oryx_81C341D6-5707-4068-9497-B8D98E4E3489"}],"bounds":{"lowerRight":{"x":463.15625,"y":202},"upperLeft":{"x":419.84375,"y":200}},"dockers":[{"x":50,"y":40,"id":"oryx_81C341D6-5707-4068-9497-B8D98E4E3489_edge_0"},{"x":50,"y":40,"id":"oryx_81C341D6-5707-4068-9497-B8D98E4E3489_edge_2"}],"target":{"resourceId":"oryx_81C341D6-5707-4068-9497-B8D98E4E3489"}},{"resourceId":"oryx_267E63C5-70F3-4C7C-AEA8-B5215D046D3C","properties":{"id":"","name":"","documentation":"","auditing":"","monitoring":"","eventdefinitionref":"","eventdefinitions":"","datainputassociations":"","datainput":"","inputset":"","bgcolor":"#ffffff","trigger":"None"},"stencil":{"id":"IntermediateEvent"},"childShapes":[],"outgoing":[],"bounds":{"lowerRight":{"x":639,"y":216},"upperLeft":{"x":609,"y":186}},"dockers":[{"x":624,"y":201,"id":"oryx_FDFB2D7E-B4B7-45B4-AC42-4E26C153D054"}]},{"resourceId":"oryx_267E63C5-70F3-4C7C-AEA8-B5215D046D3C_edge","properties":{"id":"","name":"","documentation":"","auditing":"","monitoring":"","conditiontype":"None","conditionexpression":"","showdiamondmarker":""},"stencil":{"id":"SequenceFlow"},"childShapes":[],"outgoing":[{"resourceId":"oryx_267E63C5-70F3-4C7C-AEA8-B5215D046D3C"}],"bounds":{"lowerRight":{"x":608.390625,"y":201},"upperLeft":{"x":564.84375,"y":201}},"dockers":[{"x":50,"y":40,"id":"oryx_267E63C5-70F3-4C7C-AEA8-B5215D046D3C_edge_0"},{"x":15,"y":15,"id":"oryx_267E63C5-70F3-4C7C-AEA8-B5215D046D3C_edge_2"}],"target":{"resourceId":"oryx_267E63C5-70F3-4C7C-AEA8-B5215D046D3C"}}],"bounds":{"lowerRight":{"x":1920,"y":550},"upperLeft":{"x":0,"y":0}},"stencilset":{"url":"editor/data/stencilsets/bpmn2.0/bpmn2.0.json","namespace":"http://b3mn.org/stencilset/bpmn2.0#"}}', '2014-05-22 10:07:01', 0),
(49, 12, 3, 'manges', 0, '{"resourceId":"oryx-canvas","properties":{"id":"","name":"","documentation":"","auditing":"","monitoring":"","version":"","author":"","language":"English","targetnamespace":"http://www.omg.org/bpmn20","expressionlanguage":"","querylanguage":"","creationdate":"","modificationdate":"","pools":""},"stencil":{"id":"BPMNDiagram"},"childShapes":[{"resourceId":"oryx_3B34FD0D-CFB6-4B0C-9E2F-6DEE99C31E50","properties":{"id":"","name":"","documentation":"","auditing":"","monitoring":"","eventdefinitionref":"","eventdefinitions":"","dataoutputassociations":"","dataoutput":"","outputset":"","bgcolor":"#ffffff","trigger":"None"},"stencil":{"id":"StartNoneEvent"},"childShapes":[],"outgoing":[{"resourceId":"oryx_62430E94-DF5C-418F-8BD4-E694B9E20C62_edge"}],"bounds":{"lowerRight":{"x":274,"y":216},"upperLeft":{"x":244,"y":186}},"dockers":[]},{"resourceId":"oryx_62430E94-DF5C-418F-8BD4-E694B9E20C62","properties":{"id":"","name":"","documentation":"","auditing":"","monitoring":"","categories":"","startquantity":1,"completionquantity":1,"status":"None","performers":"","properties":"","inputsets":"","inputs":"","outputsets":"","outputs":"","iorules":"","testtime":"After","mi_condition":"","mi_flowcondition":"All","isforcompensation":"","assignments":"","pool":"","lanes":"","looptype":"None","loopcondition":"","loopcounter":1,"loopmaximum":1,"callacitivity":"","activitytype":"Task","tasktype":"None","inmessage":"","outmessage":"","implementation":"Webservice","complexmi_condition":"","messageref":"","operationref":"","taskref":"","instantiate":"","script":"","bgcolor":"#ffffcc"},"stencil":{"id":"Task"},"childShapes":[],"outgoing":[{"resourceId":"oryx_81C341D6-5707-4068-9497-B8D98E4E3489_edge"}],"bounds":{"lowerRight":{"x":419,"y":241},"upperLeft":{"x":319,"y":161}},"dockers":[]},{"resourceId":"oryx_62430E94-DF5C-418F-8BD4-E694B9E20C62_edge","properties":{"id":"","name":"","documentation":"","auditing":"","monitoring":"","conditiontype":"None","conditionexpression":"","showdiamondmarker":""},"stencil":{"id":"SequenceFlow"},"childShapes":[],"outgoing":[{"resourceId":"oryx_62430E94-DF5C-418F-8BD4-E694B9E20C62"}],"bounds":{"lowerRight":{"x":318.15625,"y":202},"upperLeft":{"x":274.609375,"y":200}},"dockers":[{"x":15,"y":15,"id":"oryx_62430E94-DF5C-418F-8BD4-E694B9E20C62_edge_0"},{"x":50,"y":40,"id":"oryx_62430E94-DF5C-418F-8BD4-E694B9E20C62_edge_2"}],"target":{"resourceId":"oryx_62430E94-DF5C-418F-8BD4-E694B9E20C62"}},{"resourceId":"oryx_81C341D6-5707-4068-9497-B8D98E4E3489","properties":{"id":"","name":"","documentation":"","auditing":"","monitoring":"","categories":"","startquantity":1,"completionquantity":1,"status":"None","performers":"","properties":"","inputsets":"","inputs":"","outputsets":"","outputs":"","iorules":"","testtime":"After","mi_condition":"","mi_flowcondition":"All","isforcompensation":"","assignments":"","pool":"","lanes":"","looptype":"None","loopcondition":"","loopcounter":1,"loopmaximum":1,"callacitivity":"","activitytype":"Task","tasktype":"None","inmessage":"","outmessage":"","implementation":"Webservice","complexmi_condition":"","messageref":"","operationref":"","taskref":"","instantiate":"","script":"","bgcolor":"#ffffcc"},"stencil":{"id":"Task"},"childShapes":[],"outgoing":[{"resourceId":"oryx_267E63C5-70F3-4C7C-AEA8-B5215D046D3C_edge"}],"bounds":{"lowerRight":{"x":564,"y":241},"upperLeft":{"x":464,"y":161}},"dockers":[]},{"resourceId":"oryx_81C341D6-5707-4068-9497-B8D98E4E3489_edge","properties":{"id":"","name":"","documentation":"","auditing":"","monitoring":"","conditiontype":"None","conditionexpression":"","showdiamondmarker":""},"stencil":{"id":"SequenceFlow"},"childShapes":[],"outgoing":[{"resourceId":"oryx_81C341D6-5707-4068-9497-B8D98E4E3489"}],"bounds":{"lowerRight":{"x":463.15625,"y":202},"upperLeft":{"x":419.84375,"y":200}},"dockers":[{"x":50,"y":40,"id":"oryx_81C341D6-5707-4068-9497-B8D98E4E3489_edge_0"},{"x":50,"y":40,"id":"oryx_81C341D6-5707-4068-9497-B8D98E4E3489_edge_2"}],"target":{"resourceId":"oryx_81C341D6-5707-4068-9497-B8D98E4E3489"}},{"resourceId":"oryx_267E63C5-70F3-4C7C-AEA8-B5215D046D3C","properties":{"id":"","name":"","documentation":"","auditing":"","monitoring":"","eventdefinitionref":"","eventdefinitions":"","datainputassociations":"","datainput":"","inputset":"","bgcolor":"#ffffff","trigger":"None"},"stencil":{"id":"IntermediateEvent"},"childShapes":[],"outgoing":[],"bounds":{"lowerRight":{"x":639,"y":216},"upperLeft":{"x":609,"y":186}},"dockers":[{"x":624,"y":201,"id":"oryx_FDFB2D7E-B4B7-45B4-AC42-4E26C153D054"}]},{"resourceId":"oryx_267E63C5-70F3-4C7C-AEA8-B5215D046D3C_edge","properties":{"id":"","name":"","documentation":"","auditing":"","monitoring":"","conditiontype":"None","conditionexpression":"","showdiamondmarker":""},"stencil":{"id":"SequenceFlow"},"childShapes":[],"outgoing":[{"resourceId":"oryx_267E63C5-70F3-4C7C-AEA8-B5215D046D3C"}],"bounds":{"lowerRight":{"x":608.390625,"y":201},"upperLeft":{"x":564.84375,"y":201}},"dockers":[{"x":50,"y":40,"id":"oryx_267E63C5-70F3-4C7C-AEA8-B5215D046D3C_edge_0"},{"x":15,"y":15,"id":"oryx_267E63C5-70F3-4C7C-AEA8-B5215D046D3C_edge_2"}],"target":{"resourceId":"oryx_267E63C5-70F3-4C7C-AEA8-B5215D046D3C"}}],"bounds":{"lowerRight":{"x":1920,"y":550},"upperLeft":{"x":0,"y":0}},"stencilset":{"url":"editor/data/stencilsets/bpmn2.0/bpmn2.0.json","namespace":"http://b3mn.org/stencilset/bpmn2.0#"}}', '2014-05-22 10:07:06', 1),
(50, 12, 5, 'tests', 0, '{"resourceId":"oryx-canvas","properties":{"id":"","name":"","documentation":"","auditing":"","monitoring":"","version":"","author":"","language":"English","targetnamespace":"http://www.omg.org/bpmn20","expressionlanguage":"","querylanguage":"","creationdate":"","modificationdate":"","pools":""},"stencil":{"id":"BPMNDiagram"},"childShapes":[{"resourceId":"oryx_B7F3974C-EA24-43B5-96DF-8B6D72ADBC60","properties":{"id":"","name":"","documentation":"","auditing":"","monitoring":"","eventdefinitionref":"","eventdefinitions":"","dataoutputassociations":"","dataoutput":"","outputset":"","bgcolor":"#ffffff","trigger":"None"},"stencil":{"id":"StartNoneEvent"},"childShapes":[],"outgoing":[{"resourceId":"oryx_F6982350-A1A7-452D-94AC-84B6D201FC89_edge"}],"bounds":{"lowerRight":{"x":247,"y":173},"upperLeft":{"x":217,"y":143}},"dockers":[]},{"resourceId":"oryx_F6982350-A1A7-452D-94AC-84B6D201FC89","properties":{"id":"","name":"","documentation":"","auditing":"","monitoring":"","eventdefinitionref":"","eventdefinitions":"","datainputassociations":"","datainput":"","inputset":"","bgcolor":"#ffffff","trigger":"None"},"stencil":{"id":"IntermediateEvent"},"childShapes":[],"outgoing":[],"bounds":{"lowerRight":{"x":322,"y":173},"upperLeft":{"x":292,"y":143}},"dockers":[{"x":307,"y":158,"id":"oryx_7430C4F9-2867-4858-BC5E-C371510F4D6C"}]},{"resourceId":"oryx_F6982350-A1A7-452D-94AC-84B6D201FC89_edge","properties":{"id":"","name":"","documentation":"","auditing":"","monitoring":"","conditiontype":"None","conditionexpression":"","showdiamondmarker":""},"stencil":{"id":"SequenceFlow"},"childShapes":[],"outgoing":[{"resourceId":"oryx_F6982350-A1A7-452D-94AC-84B6D201FC89"}],"bounds":{"lowerRight":{"x":291.9375,"y":158},"upperLeft":{"x":247.0625,"y":158}},"dockers":[{"x":15,"y":15,"id":"oryx_F6982350-A1A7-452D-94AC-84B6D201FC89_edge_0"},{"x":15,"y":15,"id":"oryx_F6982350-A1A7-452D-94AC-84B6D201FC89_edge_2"}],"target":{"resourceId":"oryx_F6982350-A1A7-452D-94AC-84B6D201FC89"}}],"bounds":{"lowerRight":{"x":1920,"y":550},"upperLeft":{"x":0,"y":0}},"stencilset":{"url":"editor/data/stencilsets/bpmn2.0/bpmn2.0.json","namespace":"http://b3mn.org/stencilset/bpmn2.0#"}}', '2014-05-22 10:07:40', 0),
(51, 12, 5, 'tests', 0, '{"resourceId":"oryx-canvas","properties":{"id":"","name":"","documentation":"","auditing":"","monitoring":"","version":"","author":"","language":"English","targetnamespace":"http://www.omg.org/bpmn20","expressionlanguage":"","querylanguage":"","creationdate":"","modificationdate":"","pools":""},"stencil":{"id":"BPMNDiagram"},"childShapes":[{"resourceId":"oryx_B7F3974C-EA24-43B5-96DF-8B6D72ADBC60","properties":{"id":"","name":"","documentation":"","auditing":"","monitoring":"","eventdefinitionref":"","eventdefinitions":"","dataoutputassociations":"","dataoutput":"","outputset":"","bgcolor":"#ffffff","trigger":"None"},"stencil":{"id":"StartNoneEvent"},"childShapes":[],"outgoing":[{"resourceId":"oryx_F6982350-A1A7-452D-94AC-84B6D201FC89_edge"}],"bounds":{"lowerRight":{"x":247,"y":173},"upperLeft":{"x":217,"y":143}},"dockers":[]},{"resourceId":"oryx_F6982350-A1A7-452D-94AC-84B6D201FC89","properties":{"id":"","name":"","documentation":"","auditing":"","monitoring":"","eventdefinitionref":"","eventdefinitions":"","datainputassociations":"","datainput":"","inputset":"","bgcolor":"#ffffff","trigger":"None"},"stencil":{"id":"IntermediateEvent"},"childShapes":[],"outgoing":[],"bounds":{"lowerRight":{"x":322,"y":173},"upperLeft":{"x":292,"y":143}},"dockers":[{"x":307,"y":158,"id":"oryx_7430C4F9-2867-4858-BC5E-C371510F4D6C"}]},{"resourceId":"oryx_F6982350-A1A7-452D-94AC-84B6D201FC89_edge","properties":{"id":"","name":"","documentation":"","auditing":"","monitoring":"","conditiontype":"None","conditionexpression":"","showdiamondmarker":""},"stencil":{"id":"SequenceFlow"},"childShapes":[],"outgoing":[{"resourceId":"oryx_F6982350-A1A7-452D-94AC-84B6D201FC89"}],"bounds":{"lowerRight":{"x":291.9375,"y":158},"upperLeft":{"x":247.0625,"y":158}},"dockers":[{"x":15,"y":15,"id":"oryx_F6982350-A1A7-452D-94AC-84B6D201FC89_edge_0"},{"x":15,"y":15,"id":"oryx_F6982350-A1A7-452D-94AC-84B6D201FC89_edge_2"}],"target":{"resourceId":"oryx_F6982350-A1A7-452D-94AC-84B6D201FC89"}}],"bounds":{"lowerRight":{"x":1920,"y":550},"upperLeft":{"x":0,"y":0}},"stencilset":{"url":"editor/data/stencilsets/bpmn2.0/bpmn2.0.json","namespace":"http://b3mn.org/stencilset/bpmn2.0#"}}', '2014-05-22 10:07:43', 1),
(52, 14, 1, 'testetstttt', 0, '{"resourceId":"oryx-canvas","properties":{"id":"","name":"","documentation":"","auditing":"","monitoring":"","version":"","author":"","language":"English","targetnamespace":"http://www.omg.org/bpmn20","expressionlanguage":"","querylanguage":"","creationdate":"","modificationdate":"","pools":""},"stencil":{"id":"BPMNDiagram"},"childShapes":[{"resourceId":"oryx_8CFC20EC-DF1A-49BF-B883-B5195385453D","properties":{"id":"","name":"","documentation":"","auditing":"","monitoring":"","eventdefinitionref":"","eventdefinitions":"","dataoutputassociations":"","dataoutput":"","outputset":"","bgcolor":"#ffffff","trigger":"None"},"stencil":{"id":"StartNoneEvent"},"childShapes":[],"outgoing":[],"bounds":{"lowerRight":{"x":427,"y":299},"upperLeft":{"x":397,"y":269}},"dockers":[]},{"resourceId":"oryx_59691FAC-4BCD-4B55-89AB-CC7AAE5AAE21","properties":{"id":"","name":"","documentation":"","auditing":"","monitoring":"","eventdefinitionref":"","eventdefinitions":"","dataoutputassociations":"","dataoutput":"","outputset":"","bgcolor":"#ffffff","trigger":"None"},"stencil":{"id":"StartNoneEvent"},"childShapes":[],"outgoing":[],"bounds":{"lowerRight":{"x":484,"y":299},"upperLeft":{"x":454,"y":269}},"dockers":[]},{"resourceId":"oryx_8BF7FE04-A667-48CE-A543-E783D426E55A","properties":{"id":"","name":"","documentation":"","auditing":"","monitoring":"","conditiontype":"None","conditionexpression":"","showdiamondmarker":""},"stencil":{"id":"SequenceFlow"},"childShapes":[],"outgoing":[],"bounds":{"lowerRight":{"x":427,"y":275},"upperLeft":{"x":425,"y":185}},"dockers":[{"x":425,"y":275,"id":"oryx_8BF7FE04-A667-48CE-A543-E783D426E55A_0"},{"x":425,"y":185,"id":"oryx_8BF7FE04-A667-48CE-A543-E783D426E55A_2"}]},{"resourceId":"oryx_4DE75418-1F49-4D1A-813C-FA66A4633E3D","properties":{"id":"","name":"","documentation":"","auditing":"","monitoring":"","conditiontype":"None","conditionexpression":"","showdiamondmarker":false},"stencil":{"id":"SequenceFlow"},"childShapes":[],"outgoing":[],"bounds":{"lowerRight":{"x":458,"y":279.6563415527344},"upperLeft":{"x":456,"y":184}},"dockers":[{"x":456,"y":279.6563415527344,"id":"oryx_4DE75418-1F49-4D1A-813C-FA66A4633E3D_0"},{"x":456,"y":184,"id":"oryx_4DE75418-1F49-4D1A-813C-FA66A4633E3D_2"}]},{"resourceId":"oryx_ABA3BCE3-C0B8-4258-BCE1-B3CAE00EC24A","properties":{"id":"","name":"","documentation":"","auditing":"","monitoring":"","eventdefinitionref":"","eventdefinitions":"","dataoutputassociations":"","dataoutput":"","outputset":"","bgcolor":"#ffffff","trigger":"None"},"stencil":{"id":"StartNoneEvent"},"childShapes":[],"outgoing":[],"bounds":{"lowerRight":{"x":450,"y":180},"upperLeft":{"x":420,"y":150}},"dockers":[]}],"bounds":{"lowerRight":{"x":1920,"y":550},"upperLeft":{"x":0,"y":0}},"stencilset":{"url":"editor/data/stencilsets/bpmn2.0/bpmn2.0.json","namespace":"http://b3mn.org/stencilset/bpmn2.0#"}}', '2014-05-22 14:17:10', 0),
(53, 14, 1, 'testetstttt', 0, '{"resourceId":"oryx-canvas","properties":{"id":"","name":"","documentation":"","auditing":"","monitoring":"","version":"","author":"","language":"English","targetnamespace":"http://www.omg.org/bpmn20","expressionlanguage":"","querylanguage":"","creationdate":"","modificationdate":"","pools":""},"stencil":{"id":"BPMNDiagram"},"childShapes":[{"resourceId":"oryx_8CFC20EC-DF1A-49BF-B883-B5195385453D","properties":{"id":"","name":"","documentation":"","auditing":"","monitoring":"","eventdefinitionref":"","eventdefinitions":"","dataoutputassociations":"","dataoutput":"","outputset":"","bgcolor":"#ffffff","trigger":"None"},"stencil":{"id":"StartNoneEvent"},"childShapes":[],"outgoing":[],"bounds":{"lowerRight":{"x":427,"y":299},"upperLeft":{"x":397,"y":269}},"dockers":[]},{"resourceId":"oryx_59691FAC-4BCD-4B55-89AB-CC7AAE5AAE21","properties":{"id":"","name":"","documentation":"","auditing":"","monitoring":"","eventdefinitionref":"","eventdefinitions":"","dataoutputassociations":"","dataoutput":"","outputset":"","bgcolor":"#ffffff","trigger":"None"},"stencil":{"id":"StartNoneEvent"},"childShapes":[],"outgoing":[],"bounds":{"lowerRight":{"x":484,"y":299},"upperLeft":{"x":454,"y":269}},"dockers":[]},{"resourceId":"oryx_8BF7FE04-A667-48CE-A543-E783D426E55A","properties":{"id":"","name":"","documentation":"","auditing":"","monitoring":"","conditiontype":"None","conditionexpression":"","showdiamondmarker":""},"stencil":{"id":"SequenceFlow"},"childShapes":[],"outgoing":[],"bounds":{"lowerRight":{"x":427,"y":275},"upperLeft":{"x":425,"y":185}},"dockers":[{"x":425,"y":275,"id":"oryx_8BF7FE04-A667-48CE-A543-E783D426E55A_0"},{"x":425,"y":185,"id":"oryx_8BF7FE04-A667-48CE-A543-E783D426E55A_2"}]},{"resourceId":"oryx_4DE75418-1F49-4D1A-813C-FA66A4633E3D","properties":{"id":"","name":"","documentation":"","auditing":"","monitoring":"","conditiontype":"None","conditionexpression":"","showdiamondmarker":false},"stencil":{"id":"SequenceFlow"},"childShapes":[],"outgoing":[],"bounds":{"lowerRight":{"x":458,"y":279.6563415527344},"upperLeft":{"x":456,"y":184}},"dockers":[{"x":456,"y":279.6563415527344,"id":"oryx_4DE75418-1F49-4D1A-813C-FA66A4633E3D_0"},{"x":456,"y":184,"id":"oryx_4DE75418-1F49-4D1A-813C-FA66A4633E3D_2"}]},{"resourceId":"oryx_ABA3BCE3-C0B8-4258-BCE1-B3CAE00EC24A","properties":{"id":"","name":"","documentation":"","auditing":"","monitoring":"","eventdefinitionref":"","eventdefinitions":"","dataoutputassociations":"","dataoutput":"","outputset":"","bgcolor":"#ffffff","trigger":"None"},"stencil":{"id":"StartNoneEvent"},"childShapes":[],"outgoing":[],"bounds":{"lowerRight":{"x":450,"y":180},"upperLeft":{"x":420,"y":150}},"dockers":[]}],"bounds":{"lowerRight":{"x":1920,"y":550},"upperLeft":{"x":0,"y":0}},"stencilset":{"url":"editor/data/stencilsets/bpmn2.0/bpmn2.0.json","namespace":"http://b3mn.org/stencilset/bpmn2.0#"}}', '2014-05-22 14:17:13', 1),
(54, 14, 1, 'Callcenter', 0, '{"resourceId":"oryx-canvas","properties":{"id":"","name":"","documentation":"","auditing":"","monitoring":"","version":"","author":"","language":"English","targetnamespace":"http://www.omg.org/bpmn20","expressionlanguage":"","querylanguage":"","creationdate":"","modificationdate":"","pools":""},"stencil":{"id":"BPMNDiagram"},"childShapes":[{"resourceId":"oryx_4A5E2999-DDE5-4F09-AD4B-1CF78DCEEA6A","properties":{"id":"","name":"Centralized Claims Mgt","documentation":"","auditing":"","monitoring":"","multiinstance":"","participantref":"","lanes":"","boundaryvisible":true,"mainpool":"","processref":"","processname":"","processtype":"None","status":"None","adhoc":"","adhocordering":"Parallel","adhoccompletioncondition":"","suppressjoinfailure":"","enableinstancecompensation":"","processcategories":"","processdocumentation":"","bgcolor":"#ffffff"},"stencil":{"id":"Pool"},"childShapes":[{"resourceId":"oryx_4A5E2999-DDE5-4F09-AD4B-1CF78DCEEA6A_lane","properties":{"id":"","name":"Claims Mgr","documentation":"","auditing":"","monitoring":"","bgcolor":"#ffffff","parentpool":"","parentlane":"","showcaption":true},"stencil":{"id":"Lane"},"childShapes":[{"resourceId":"oryx_FC52591D-3E22-40FA-B6B8-35CD1A21F25E","properties":{"id":"","name":"","documentation":"","auditing":"","monitoring":"","isinterrupting":true,"bgcolor":"#ffffff","trigger":"Message"},"stencil":{"id":"IntermediateMessageEventCatching"},"childShapes":[],"outgoing":[{"resourceId":"oryx_3EEED7FA-2A77-4CCB-A4E0-FC392A551796_edge"}],"bounds":{"lowerRight":{"x":99,"y":125},"upperLeft":{"x":69,"y":95}},"dockers":[{"x":84,"y":110,"id":"oryx_61FBAD11-56AC-4DB4-9CDC-1957D8C8DDEA"}]},{"resourceId":"oryx_3EEED7FA-2A77-4CCB-A4E0-FC392A551796","properties":{"id":"","name":"In-depth analysis","documentation":"","auditing":"","monitoring":"","categories":"","startquantity":1,"completionquantity":1,"status":"None","performers":"","properties":"","inputsets":"","inputs":"","outputsets":"","outputs":"","iorules":"","testtime":"After","mi_condition":"","mi_flowcondition":"All","isforcompensation":"","assignments":"","pool":"","lanes":"","looptype":"None","loopcondition":"","loopcounter":1,"loopmaximum":1,"callacitivity":"","activitytype":"Task","tasktype":"None","inmessage":"","outmessage":"","implementation":"Webservice","complexmi_condition":"","messageref":"","operationref":"","taskref":"","instantiate":"","script":"","bgcolor":"#ffffcc"},"stencil":{"id":"Task"},"childShapes":[],"outgoing":[{"resourceId":"oryx_F1386D5E-40B9-47E3-81CA-3DC3E6CF50E9"}],"bounds":{"lowerRight":{"x":263.5,"y":136},"upperLeft":{"x":130.5,"y":84}},"dockers":[]},{"resourceId":"oryx_F19D8824-3A8E-495E-BD34-985EA4C35E26","properties":{"id":"","name":"","documentation":"","auditing":"","monitoring":"","eventdefinitionref":"","eventdefinitions":"","datainputassociations":"","datainput":"","inputset":"","bgcolor":"#ffffff","trigger":"None"},"stencil":{"id":"EndNoneEvent"},"childShapes":[],"outgoing":[],"bounds":{"lowerRight":{"x":351,"y":124},"upperLeft":{"x":323,"y":96}},"dockers":[]}],"outgoing":[],"bounds":{"lowerRight":{"x":600,"y":500},"upperLeft":{"x":30,"y":250}},"dockers":[]},{"resourceId":"oryx_6FFAC25C-846B-4817-A9D3-F6F1EF096351","properties":{"id":"","name":"Call center","documentation":"","auditing":"","monitoring":"","bgcolor":"#ffffff","parentpool":"","parentlane":"","showcaption":true},"stencil":{"id":"Lane"},"childShapes":[{"resourceId":"oryx_7DF23286-6562-452C-B3BB-2ACB056E08EC","properties":{"id":"","name":"","documentation":"","auditing":"","monitoring":"","isinterrupting":true,"bgcolor":"#ffffff","trigger":"Message"},"stencil":{"id":"IntermediateMessageEventCatching"},"childShapes":[],"outgoing":[{"resourceId":"oryx_D2F09D53-00B3-423B-9DFD-16E7AEFCFEB0_edge"}],"bounds":{"lowerRight":{"x":99,"y":106},"upperLeft":{"x":69,"y":76}},"dockers":[{"x":84,"y":91,"id":"oryx_103B0DD4-3E0E-4998-97E5-CA9165D664D5"}]},{"resourceId":"oryx_D2F09D53-00B3-423B-9DFD-16E7AEFCFEB0","properties":{"id":"","name":"Analyze request","documentation":"","auditing":"","monitoring":"","categories":"","startquantity":1,"completionquantity":1,"status":"None","performers":"","properties":"","inputsets":"","inputs":"","outputsets":"","outputs":"","iorules":"","testtime":"After","mi_condition":"","mi_flowcondition":"All","isforcompensation":"","assignments":"","pool":"","lanes":"","looptype":"None","loopcondition":"","loopcounter":1,"loopmaximum":1,"callacitivity":"","activitytype":"Task","tasktype":"None","inmessage":"","outmessage":"","implementation":"Webservice","complexmi_condition":"","messageref":"","operationref":"","taskref":"","instantiate":"","script":"","bgcolor":"#ffffcc"},"stencil":{"id":"Task"},"childShapes":[],"outgoing":[{"resourceId":"oryx_83653796-22A7-4180-9E1A-E32A5D7949CF"}],"bounds":{"lowerRight":{"x":248,"y":119},"upperLeft":{"x":134,"y":63}},"dockers":[]},{"resourceId":"oryx_C603DBAC-CD2F-403C-AF27-C19059507C6B","properties":{"id":"","name":"","documentation":"","auditing":"","monitoring":"","eventdefinitionref":"","eventdefinitions":"","datainputassociations":"","datainput":"","inputset":"","bgcolor":"#ffffff","trigger":"None"},"stencil":{"id":"EndNoneEvent"},"childShapes":[],"outgoing":[],"bounds":{"lowerRight":{"x":458,"y":105},"upperLeft":{"x":430,"y":77}},"dockers":[]},{"resourceId":"oryx_FAA5A544-0018-4751-BEB1-B1951AA82B5E","properties":{"id":"","name":"","documentation":"","auditing":"","monitoring":"","categories":"","assignments":"","pool":"","lanes":"","gates":"","gates_outgoingsequenceflow":"","gates_assignments":"","bgcolor":"#ffffff","gatewaytype":"XOR","xortype":"Data","markervisible":"true","defaultgate":"","gate_outgoingsequenceflow":"","gate_assignments":""},"stencil":{"id":"Exclusive_Databased_Gateway"},"childShapes":[],"outgoing":[{"resourceId":"oryx_D5F4532C-C8EB-4E48-B2C9-BB0E88DB471D_edge"},{"resourceId":"oryx_9E36CE83-F828-4458-97F0-CE7994B35F7F"}],"bounds":{"lowerRight":{"x":318,"y":111},"upperLeft":{"x":278,"y":71}},"dockers":[]},{"resourceId":"oryx_D5F4532C-C8EB-4E48-B2C9-BB0E88DB471D","properties":{"id":"","name":"Decide","documentation":"","auditing":"","monitoring":"","categories":"","startquantity":1,"completionquantity":1,"status":"None","performers":"","properties":"","inputsets":"","inputs":"","outputsets":"","outputs":"","iorules":"","testtime":"After","mi_condition":"","mi_flowcondition":"All","isforcompensation":"","assignments":"","pool":"","lanes":"","looptype":"None","loopcondition":"","loopcounter":1,"loopmaximum":1,"callacitivity":"","activitytype":"Task","tasktype":"None","inmessage":"","outmessage":"","implementation":"Webservice","complexmi_condition":"","messageref":"","operationref":"","taskref":"","instantiate":"","script":"","bgcolor":"#ffffcc"},"stencil":{"id":"Task"},"childShapes":[],"outgoing":[{"resourceId":"oryx_F7F39919-2298-49A3-87C6-AA7842C1BC7F"}],"bounds":{"lowerRight":{"x":389,"y":190},"upperLeft":{"x":293,"y":150}},"dockers":[]}],"outgoing":[],"bounds":{"lowerRight":{"x":600,"y":250},"upperLeft":{"x":30,"y":0}},"dockers":[]}],"outgoing":[],"bounds":{"lowerRight":{"x":712,"y":635},"upperLeft":{"x":112,"y":135}},"dockers":[]},{"resourceId":"oryx_D2F09D53-00B3-423B-9DFD-16E7AEFCFEB0_edge","properties":{"id":"","name":"","documentation":"","auditing":"","monitoring":"","conditiontype":"None","conditionexpression":"","showdiamondmarker":""},"stencil":{"id":"SequenceFlow"},"childShapes":[],"outgoing":[{"resourceId":"oryx_D2F09D53-00B3-423B-9DFD-16E7AEFCFEB0"}],"bounds":{"lowerRight":{"x":275.15625,"y":227},"upperLeft":{"x":241.2109375,"y":225}},"dockers":[{"x":15,"y":15,"id":"oryx_D2F09D53-00B3-423B-9DFD-16E7AEFCFEB0_edge_0"},{"x":57.00000000000001,"y":28,"id":"oryx_D2F09D53-00B3-423B-9DFD-16E7AEFCFEB0_edge_2"}],"target":{"resourceId":"oryx_D2F09D53-00B3-423B-9DFD-16E7AEFCFEB0"}},{"resourceId":"oryx_3EEED7FA-2A77-4CCB-A4E0-FC392A551796_edge","properties":{"id":"","name":"","documentation":"","auditing":"","monitoring":"","conditiontype":"None","conditionexpression":"","showdiamondmarker":""},"stencil":{"id":"SequenceFlow"},"childShapes":[],"outgoing":[{"resourceId":"oryx_3EEED7FA-2A77-4CCB-A4E0-FC392A551796"}],"bounds":{"lowerRight":{"x":271.7890625,"y":496},"upperLeft":{"x":241.125,"y":494}},"dockers":[{"x":15,"y":15,"id":"oryx_3EEED7FA-2A77-4CCB-A4E0-FC392A551796_edge_0"},{"x":66.5,"y":26,"id":"oryx_3EEED7FA-2A77-4CCB-A4E0-FC392A551796_edge_2"}],"target":{"resourceId":"oryx_3EEED7FA-2A77-4CCB-A4E0-FC392A551796"}},{"resourceId":"oryx_83653796-22A7-4180-9E1A-E32A5D7949CF","properties":{"id":"","name":"","documentation":"","auditing":"","monitoring":"","conditiontype":"None","conditionexpression":"","showdiamondmarker":""},"stencil":{"id":"SequenceFlow"},"childShapes":[],"outgoing":[{"resourceId":"oryx_FAA5A544-0018-4751-BEB1-B1951AA82B5E"}],"bounds":{"lowerRight":{"x":419.7734375,"y":227},"upperLeft":{"x":390.84375,"y":225}},"dockers":[{"x":57,"y":28,"id":"oryx_83653796-22A7-4180-9E1A-E32A5D7949CF_0"},{"x":20,"y":20,"id":"oryx_83653796-22A7-4180-9E1A-E32A5D7949CF_2"}],"target":{"resourceId":"oryx_FAA5A544-0018-4751-BEB1-B1951AA82B5E"}},{"resourceId":"oryx_F1386D5E-40B9-47E3-81CA-3DC3E6CF50E9","properties":{"id":"","name":"","documentation":"","auditing":"","monitoring":"","conditiontype":"None","conditionexpression":"","showdiamondmarker":""},"stencil":{"id":"SequenceFlow"},"childShapes":[],"outgoing":[{"resourceId":"oryx_F19D8824-3A8E-495E-BD34-985EA4C35E26"}],"bounds":{"lowerRight":{"x":464.875,"y":496},"upperLeft":{"x":405.625,"y":494}},"dockers":[{"x":66.5,"y":26,"id":"oryx_F1386D5E-40B9-47E3-81CA-3DC3E6CF50E9_0"},{"x":14,"y":14,"id":"oryx_F1386D5E-40B9-47E3-81CA-3DC3E6CF50E9_2"}],"target":{"resourceId":"oryx_F19D8824-3A8E-495E-BD34-985EA4C35E26"}},{"resourceId":"oryx_D5F4532C-C8EB-4E48-B2C9-BB0E88DB471D_edge","properties":{"id":"","name":"","documentation":"","auditing":"","monitoring":"","conditiontype":"None","conditionexpression":"","showdiamondmarker":""},"stencil":{"id":"SequenceFlow"},"childShapes":[],"outgoing":[{"resourceId":"oryx_D5F4532C-C8EB-4E48-B2C9-BB0E88DB471D"}],"bounds":{"lowerRight":{"x":471.8988973030943,"y":284.49561031277426},"upperLeft":{"x":447.6167276969057,"y":239.64501468722582}},"dockers":[{"x":20.5,"y":20.5,"id":"oryx_D5F4532C-C8EB-4E48-B2C9-BB0E88DB471D_edge_0"},{"x":48,"y":20,"id":"oryx_D5F4532C-C8EB-4E48-B2C9-BB0E88DB471D_edge_2"}],"target":{"resourceId":"oryx_D5F4532C-C8EB-4E48-B2C9-BB0E88DB471D"}},{"resourceId":"oryx_F7F39919-2298-49A3-87C6-AA7842C1BC7F","properties":{"id":"","name":"","documentation":"","auditing":"","monitoring":"","conditiontype":"None","conditionexpression":"","showdiamondmarker":""},"stencil":{"id":"SequenceFlow"},"childShapes":[],"outgoing":[{"resourceId":"oryx_C603DBAC-CD2F-403C-AF27-C19059507C6B"}],"bounds":{"lowerRight":{"x":574.7455801477555,"y":284.6414067395406},"upperLeft":{"x":509.5434823522445,"y":234.63203076045937}},"dockers":[{"x":48,"y":20,"id":"oryx_F7F39919-2298-49A3-87C6-AA7842C1BC7F_0"},{"x":14,"y":14,"id":"oryx_F7F39919-2298-49A3-87C6-AA7842C1BC7F_2"}],"target":{"resourceId":"oryx_C603DBAC-CD2F-403C-AF27-C19059507C6B"}},{"resourceId":"oryx_9E36CE83-F828-4458-97F0-CE7994B35F7F","properties":{"id":"","name":"","documentation":"","auditing":"","monitoring":"","conditiontype":"None","conditionexpression":"","showdiamondmarker":""},"stencil":{"id":"SequenceFlow"},"childShapes":[],"outgoing":[{"resourceId":"oryx_C603DBAC-CD2F-403C-AF27-C19059507C6B"}],"bounds":{"lowerRight":{"x":571.35938090446,"y":226.4301573441734},"upperLeft":{"x":460.82421284554005,"y":226.0503114058266}},"dockers":[{"x":20.5,"y":20.5,"id":"oryx_9E36CE83-F828-4458-97F0-CE7994B35F7F_0"},{"x":14,"y":14,"id":"oryx_9E36CE83-F828-4458-97F0-CE7994B35F7F_2"}],"target":{"resourceId":"oryx_C603DBAC-CD2F-403C-AF27-C19059507C6B"}}],"bounds":{"lowerRight":{"x":1920,"y":850},"upperLeft":{"x":0,"y":0}},"stencilset":{"url":"editor/data/stencilsets/bpmn2.0/bpmn2.0.json","namespace":"http://b3mn.org/stencilset/bpmn2.0#"}}', '2014-06-24 12:12:12', 0);

CREATE TABLE `modelcomment` (
  `modelID` int(11) NOT NULL,
  `comment` varchar(2000) NOT NULL,
  PRIMARY KEY (`modelID`),
  FOREIGN KEY (`modelID`) REFERENCES `model` (`modelID`)
) ENGINE=InnoDB DEFAULT CHARSET=latin1;


CREATE TABLE `activegroupmodel` (
  `groupModelID` int(11) NOT NULL AUTO_INCREMENT,
  `groupID` int(11) NOT NULL,
  `modelID` int(11) NOT NULL,
  `modelString` longtext NOT NULL,
  `version` int(11) NOT NULL,
  PRIMARY KEY (`groupModelID`),
  KEY `modelID` (`modelID`),
  FOREIGN KEY (`modelID`) REFERENCES `model` (`modelID`)
) ENGINE=InnoDB  DEFAULT CHARSET=latin1 AUTO_INCREMENT=3 ;
INSERT INTO `activegroupmodel` (`groupModelID`, `groupID`, `modelID`, `modelString`, `version`) VALUES
(1, 12, 49, '{"resourceId":"oryx-canvas","properties":{"id":"","name":"","documentation":"","auditing":"","monitoring":"","version":"","author":"","language":"English","targetnamespace":"http://www.omg.org/bpmn20","expressionlanguage":"","querylanguage":"","creationdate":"","modificationdate":"","pools":""},"stencil":{"id":"BPMNDiagram"},"childShapes":[{"resourceId":"oryx_3B34FD0D-CFB6-4B0C-9E2F-6DEE99C31E50","properties":{"id":"","name":"","documentation":"","auditing":"","monitoring":"","eventdefinitionref":"","eventdefinitions":"","dataoutputassociations":"","dataoutput":"","outputset":"","bgcolor":"#ffffff","trigger":"None"},"stencil":{"id":"StartNoneEvent"},"childShapes":[],"outgoing":[{"resourceId":"oryx_62430E94-DF5C-418F-8BD4-E694B9E20C62_edge"}],"bounds":{"lowerRight":{"x":274,"y":216},"upperLeft":{"x":244,"y":186}},"dockers":[]},{"resourceId":"oryx_62430E94-DF5C-418F-8BD4-E694B9E20C62","properties":{"id":"","name":"","documentation":"","auditing":"","monitoring":"","categories":"","startquantity":1,"completionquantity":1,"status":"None","performers":"","properties":"","inputsets":"","inputs":"","outputsets":"","outputs":"","iorules":"","testtime":"After","mi_condition":"","mi_flowcondition":"All","isforcompensation":"","assignments":"","pool":"","lanes":"","looptype":"None","loopcondition":"","loopcounter":1,"loopmaximum":1,"callacitivity":"","activitytype":"Task","tasktype":"None","inmessage":"","outmessage":"","implementation":"Webservice","complexmi_condition":"","messageref":"","operationref":"","taskref":"","instantiate":"","script":"","bgcolor":"#ffffcc"},"stencil":{"id":"Task"},"childShapes":[],"outgoing":[{"resourceId":"oryx_81C341D6-5707-4068-9497-B8D98E4E3489_edge"}],"bounds":{"lowerRight":{"x":419,"y":241},"upperLeft":{"x":319,"y":161}},"dockers":[]},{"resourceId":"oryx_62430E94-DF5C-418F-8BD4-E694B9E20C62_edge","properties":{"id":"","name":"","documentation":"","auditing":"","monitoring":"","conditiontype":"None","conditionexpression":"","showdiamondmarker":""},"stencil":{"id":"SequenceFlow"},"childShapes":[],"outgoing":[{"resourceId":"oryx_62430E94-DF5C-418F-8BD4-E694B9E20C62"}],"bounds":{"lowerRight":{"x":318.15625,"y":202},"upperLeft":{"x":274.609375,"y":200}},"dockers":[{"x":15,"y":15,"id":"oryx_62430E94-DF5C-418F-8BD4-E694B9E20C62_edge_0"},{"x":50,"y":40,"id":"oryx_62430E94-DF5C-418F-8BD4-E694B9E20C62_edge_2"}],"target":{"resourceId":"oryx_62430E94-DF5C-418F-8BD4-E694B9E20C62"}},{"resourceId":"oryx_81C341D6-5707-4068-9497-B8D98E4E3489","properties":{"id":"","name":"","documentation":"","auditing":"","monitoring":"","categories":"","startquantity":1,"completionquantity":1,"status":"None","performers":"","properties":"","inputsets":"","inputs":"","outputsets":"","outputs":"","iorules":"","testtime":"After","mi_condition":"","mi_flowcondition":"All","isforcompensation":"","assignments":"","pool":"","lanes":"","looptype":"None","loopcondition":"","loopcounter":1,"loopmaximum":1,"callacitivity":"","activitytype":"Task","tasktype":"None","inmessage":"","outmessage":"","implementation":"Webservice","complexmi_condition":"","messageref":"","operationref":"","taskref":"","instantiate":"","script":"","bgcolor":"#ffffcc"},"stencil":{"id":"Task"},"childShapes":[],"outgoing":[{"resourceId":"oryx_267E63C5-70F3-4C7C-AEA8-B5215D046D3C_edge"}],"bounds":{"lowerRight":{"x":564,"y":241},"upperLeft":{"x":464,"y":161}},"dockers":[]},{"resourceId":"oryx_81C341D6-5707-4068-9497-B8D98E4E3489_edge","properties":{"id":"","name":"","documentation":"","auditing":"","monitoring":"","conditiontype":"None","conditionexpression":"","showdiamondmarker":""},"stencil":{"id":"SequenceFlow"},"childShapes":[],"outgoing":[{"resourceId":"oryx_81C341D6-5707-4068-9497-B8D98E4E3489"}],"bounds":{"lowerRight":{"x":463.15625,"y":202},"upperLeft":{"x":419.84375,"y":200}},"dockers":[{"x":50,"y":40,"id":"oryx_81C341D6-5707-4068-9497-B8D98E4E3489_edge_0"},{"x":50,"y":40,"id":"oryx_81C341D6-5707-4068-9497-B8D98E4E3489_edge_2"}],"target":{"resourceId":"oryx_81C341D6-5707-4068-9497-B8D98E4E3489"}},{"resourceId":"oryx_267E63C5-70F3-4C7C-AEA8-B5215D046D3C","properties":{"id":"","name":"","documentation":"","auditing":"","monitoring":"","eventdefinitionref":"","eventdefinitions":"","datainputassociations":"","datainput":"","inputset":"","bgcolor":"#ffffff","trigger":"None"},"stencil":{"id":"IntermediateEvent"},"childShapes":[],"outgoing":[],"bounds":{"lowerRight":{"x":639,"y":216},"upperLeft":{"x":609,"y":186}},"dockers":[{"x":624,"y":201,"id":"oryx_FDFB2D7E-B4B7-45B4-AC42-4E26C153D054"}]},{"resourceId":"oryx_267E63C5-70F3-4C7C-AEA8-B5215D046D3C_edge","properties":{"id":"","name":"","documentation":"","auditing":"","monitoring":"","conditiontype":"None","conditionexpression":"","showdiamondmarker":""},"stencil":{"id":"SequenceFlow"},"childShapes":[],"outgoing":[{"resourceId":"oryx_267E63C5-70F3-4C7C-AEA8-B5215D046D3C"}],"bounds":{"lowerRight":{"x":608.390625,"y":201},"upperLeft":{"x":564.84375,"y":201}},"dockers":[{"x":50,"y":40,"id":"oryx_267E63C5-70F3-4C7C-AEA8-B5215D046D3C_edge_0"},{"x":15,"y":15,"id":"oryx_267E63C5-70F3-4C7C-AEA8-B5215D046D3C_edge_2"}],"target":{"resourceId":"oryx_267E63C5-70F3-4C7C-AEA8-B5215D046D3C"}}],"bounds":{"lowerRight":{"x":1920,"y":550},"upperLeft":{"x":0,"y":0}},"stencilset":{"url":"editor/data/stencilsets/bpmn2.0/bpmn2.0.json","namespace":"http://b3mn.org/stencilset/bpmn2.0#"}}', 420),
(2, 14, 53, '{"resourceId":"oryx-canvas","properties":{"id":"","name":"","documentation":"","auditing":"","monitoring":"","version":"","author":"","language":"English","targetnamespace":"http://www.omg.org/bpmn20","expressionlanguage":"","querylanguage":"","creationdate":"","modificationdate":"","pools":""},"stencil":{"id":"BPMNDiagram"},"childShapes":[{"resourceId":"oryx_8CFC20EC-DF1A-49BF-B883-B5195385453D","properties":{"id":"","name":"","documentation":"","auditing":"","monitoring":"","eventdefinitionref":"","eventdefinitions":"","dataoutputassociations":"","dataoutput":"","outputset":"","bgcolor":"#ffffff","trigger":"None"},"stencil":{"id":"StartNoneEvent"},"childShapes":[],"outgoing":[],"bounds":{"lowerRight":{"x":427,"y":299},"upperLeft":{"x":397,"y":269}},"dockers":[]},{"resourceId":"oryx_59691FAC-4BCD-4B55-89AB-CC7AAE5AAE21","properties":{"id":"","name":"","documentation":"","auditing":"","monitoring":"","eventdefinitionref":"","eventdefinitions":"","dataoutputassociations":"","dataoutput":"","outputset":"","bgcolor":"#ffffff","trigger":"None"},"stencil":{"id":"StartNoneEvent"},"childShapes":[],"outgoing":[],"bounds":{"lowerRight":{"x":484,"y":299},"upperLeft":{"x":454,"y":269}},"dockers":[]},{"resourceId":"oryx_8BF7FE04-A667-48CE-A543-E783D426E55A","properties":{"id":"","name":"","documentation":"","auditing":"","monitoring":"","conditiontype":"None","conditionexpression":"","showdiamondmarker":""},"stencil":{"id":"SequenceFlow"},"childShapes":[],"outgoing":[],"bounds":{"lowerRight":{"x":427,"y":275},"upperLeft":{"x":425,"y":185}},"dockers":[{"x":425,"y":275,"id":"oryx_8BF7FE04-A667-48CE-A543-E783D426E55A_0"},{"x":425,"y":185,"id":"oryx_8BF7FE04-A667-48CE-A543-E783D426E55A_2"}]},{"resourceId":"oryx_4DE75418-1F49-4D1A-813C-FA66A4633E3D","properties":{"id":"","name":"","documentation":"","auditing":"","monitoring":"","conditiontype":"None","conditionexpression":"","showdiamondmarker":false},"stencil":{"id":"SequenceFlow"},"childShapes":[],"outgoing":[],"bounds":{"lowerRight":{"x":458,"y":279.6563415527344},"upperLeft":{"x":456,"y":184}},"dockers":[{"x":456,"y":279.6563415527344,"id":"oryx_4DE75418-1F49-4D1A-813C-FA66A4633E3D_0"},{"x":456,"y":184,"id":"oryx_4DE75418-1F49-4D1A-813C-FA66A4633E3D_2"}]},{"resourceId":"oryx_ABA3BCE3-C0B8-4258-BCE1-B3CAE00EC24A","properties":{"id":"","name":"","documentation":"","auditing":"","monitoring":"","eventdefinitionref":"","eventdefinitions":"","dataoutputassociations":"","dataoutput":"","outputset":"","bgcolor":"#ffffff","trigger":"None"},"stencil":{"id":"StartNoneEvent"},"childShapes":[],"outgoing":[],"bounds":{"lowerRight":{"x":450,"y":180},"upperLeft":{"x":420,"y":150}},"dockers":[]}],"bounds":{"lowerRight":{"x":1920,"y":550},"upperLeft":{"x":0,"y":0}},"stencilset":{"url":"editor/data/stencilsets/bpmn2.0/bpmn2.0.json","namespace":"http://b3mn.org/stencilset/bpmn2.0#"}}', 420);


CREATE TABLE `user` (
  `userID` int(11) NOT NULL AUTO_INCREMENT,
  `userEmail` varchar(100) NOT NULL,
  `userType` varchar(50) NOT NULL,
  PRIMARY KEY (`userID`)
) ENGINE=InnoDB  DEFAULT CHARSET=latin1 AUTO_INCREMENT=6 ;
INSERT INTO `user` (`userID`, `userEmail`, `userType`) VALUES
(1, 'f', 'Facilitator'),
(2, 'p1', 'Participant'),
(3, 'p2', 'Participant');


CREATE TABLE `userprofile` (
  `userID` int(11) NOT NULL,
  `firstName` varchar(30) DEFAULT NULL,
  `surName` varchar(60) DEFAULT NULL,
  `userDescription` varchar(500) DEFAULT NULL,
  `birthDate` varchar(6) DEFAULT NULL,
  `phoneNumber` varchar(20) DEFAULT NULL,
  PRIMARY KEY (`userID`),
  FOREIGN KEY (`userID`) REFERENCES `user` (`userID`)
) ENGINE=InnoDB DEFAULT CHARSET=latin1;
INSERT INTO `userprofile` (`userID`, `firstName`, `surName`, `userDescription`, `birthDate`, `phoneNumber`) VALUES
(1, 'Peter', '', NULL, '', ''),
(2, 'Participant1', '', NULL, '', ''),
(3, 'participant2', '', NULL, '', '');


CREATE TABLE `voteonmodel` (
  `voteOnModelID` int(11) NOT NULL AUTO_INCREMENT,
  `modelID` int(11) NOT NULL,
  `userID` int(11) NOT NULL,
  `grade` int(11) NOT NULL,
  PRIMARY KEY (`voteOnModelID`),
  KEY `userID` (`userID`)
) ENGINE=InnoDB  DEFAULT CHARSET=latin1 AUTO_INCREMENT=5 ;
INSERT INTO `voteonmodel` (`voteOnModelID`, `modelID`, `userID`, `grade`) VALUES
(1, 41, 1, 2),
(2, 41, 1, 4),
(3, 37, 1, 10),
(4, 39, 1, 1);


CREATE TABLE `workgroup` (
  `groupID` int(11) NOT NULL AUTO_INCREMENT,
  `groupFacilitator` int(11) NOT NULL,
  `groupName` varchar(50) NOT NULL,
  PRIMARY KEY (`groupID`),
  KEY `groupFacilitator` (`groupFacilitator`)
) ENGINE=InnoDB  DEFAULT CHARSET=latin1 AUTO_INCREMENT=15 ;
INSERT INTO `workgroup` (`groupID`, `groupFacilitator`, `groupName`) VALUES
(12, 1, 'Peters grupp'),
(14, 1, 'johans grupp');


CREATE TABLE `workgroupinvites` (
  `inviteID` int(11) NOT NULL AUTO_INCREMENT,
  `groupID` int(11) NOT NULL,
  `userID` int(11) NOT NULL,
  `isActive` int(11) NOT NULL DEFAULT '1',
  PRIMARY KEY (`inviteID`)
) ENGINE=InnoDB  DEFAULT CHARSET=latin1 AUTO_INCREMENT=5 ;
INSERT INTO `workgroupinvites` (`inviteID`, `groupID`, `userID`, `isActive`) VALUES
(1, 13, 3, 0),
(3, 12, 3, 0),
(4, 14, 3, 1);


CREATE TABLE `workgroupmember` (
  `groupID` int(11) NOT NULL,
  `userID` int(11) NOT NULL,
  PRIMARY KEY (`groupID`,`userID`),
  KEY `userID` (`userID`),
  FOREIGN KEY (`groupID`) REFERENCES `workgroup` (`groupID`),
  FOREIGN KEY (`userID`) REFERENCES `user` (`userID`)
) ENGINE=InnoDB DEFAULT CHARSET=latin1;
INSERT INTO `workgroupmember` (`groupID`, `userID`) VALUES
(12, 1),
(14, 1),
(12, 3);


CREATE TABLE `workgroupModelBenefit`(
`groupID` int(11) NOT NULL,
`modelID` int(11) NOT NULL,
`benefitID` int(11) NOT NULL,
PRIMARY KEY (`groupID`, `modelID`, `benefitID`),
FOREIGN KEY (`groupID`) REFERENCES `workgroup` (`groupID`),
FOREIGN KEY (`modelID`) REFERENCES `model` (`modelID`),
FOREIGN KEY (`benefitID`) REFERENCES `benefit` (`benefitID`)
);
INSERT INTO `workgroupModelBenefit` (`groupID`, `modelID`, `benefitID`) VALUES
(12, 53, 1);

CREATE TABLE `problem`(
`problemID` int(11) NOT NULL AUTO_INCREMENT,
`userID` int(11) NOT NULL,
`groupID` int(11) NOT NULL,
`activegroupModelID` int(11) NOT NULL,
`name` varchar(50) NOT NULL,
`description` varchar(100) NOT NULL,
`severity` varchar(20),
`evolution` varchar(20),
`urgency` varchar(20),
`occurence` varchar(20),
`explanation` varchar(100),
`modelString` longtext NOT NULL,
PRIMARY KEY (`problemID`),
FOREIGN KEY (`activegroupModelID`) REFERENCES `activegroupmodel` (`groupModelID`),
FOREIGN KEY (`userID`) REFERENCES `user` (`userID`),
FOREIGN KEY (`groupID`) REFERENCES `workgroup`(`groupID`)
);
INSERT INTO `problem` (`problemID`, `userID`, `groupID`,`activegroupModelID`, `name`, `description`, `severity`, `evolution`, `urgency`, `occurence`, `explanation`, `modelString`) VALUES
(1, 1, 12, 2, 'Too many hand-overs', 'Too many between declaration and payment decision', 'Strong', 'Unchanged', 'High', 'Often', 'This is an explanation', '{"resourceId":"oryx-canvas","properties":{"id":"","name":"","documentation":"","auditing":"","monitoring":"","version":"","author":"","language":"English","targetnamespace":"http://www.omg.org/bpmn20","expressionlanguage":"","querylanguage":"","creationdate":"","modificationdate":"","pools":""},"stencil":{"id":"BPMNDiagram"},"childShapes":[{"resourceId":"oryx_4A5E2999-DDE5-4F09-AD4B-1CF78DCEEA6A","properties":{"id":"","name":"Centralized Claims Mgt","documentation":"","auditing":"","monitoring":"","multiinstance":"","participantref":"","lanes":"","boundaryvisible":true,"mainpool":"","processref":"","processname":"","processtype":"None","status":"None","adhoc":"","adhocordering":"Parallel","adhoccompletioncondition":"","suppressjoinfailure":"","enableinstancecompensation":"","processcategories":"","processdocumentation":"","bgcolor":"#ffffff"},"stencil":{"id":"Pool"},"childShapes":[{"resourceId":"oryx_4A5E2999-DDE5-4F09-AD4B-1CF78DCEEA6A_lane","properties":{"id":"","name":"Claims Mgr","documentation":"","auditing":"","monitoring":"","bgcolor":"#ffffff","parentpool":"","parentlane":"","showcaption":true},"stencil":{"id":"Lane"},"childShapes":[{"resourceId":"oryx_FC52591D-3E22-40FA-B6B8-35CD1A21F25E","properties":{"id":"","name":"","documentation":"","auditing":"","monitoring":"","isinterrupting":true,"bgcolor":"#ffffff","trigger":"Message"},"stencil":{"id":"IntermediateMessageEventCatching"},"childShapes":[],"outgoing":[{"resourceId":"oryx_3EEED7FA-2A77-4CCB-A4E0-FC392A551796_edge"}],"bounds":{"lowerRight":{"x":99,"y":125},"upperLeft":{"x":69,"y":95}},"dockers":[{"x":84,"y":110,"id":"oryx_61FBAD11-56AC-4DB4-9CDC-1957D8C8DDEA"}]},{"resourceId":"oryx_3EEED7FA-2A77-4CCB-A4E0-FC392A551796","properties":{"id":"","name":"In-depth analysis","documentation":"","auditing":"","monitoring":"","categories":"","startquantity":1,"completionquantity":1,"status":"None","performers":"","properties":"","inputsets":"","inputs":"","outputsets":"","outputs":"","iorules":"","testtime":"After","mi_condition":"","mi_flowcondition":"All","isforcompensation":"","assignments":"","pool":"","lanes":"","looptype":"None","loopcondition":"","loopcounter":1,"loopmaximum":1,"callacitivity":"","activitytype":"Task","tasktype":"None","inmessage":"","outmessage":"","implementation":"Webservice","complexmi_condition":"","messageref":"","operationref":"","taskref":"","instantiate":"","script":"","bgcolor":"#ffffcc"},"stencil":{"id":"Task"},"childShapes":[],"outgoing":[{"resourceId":"oryx_F1386D5E-40B9-47E3-81CA-3DC3E6CF50E9"}],"bounds":{"lowerRight":{"x":263.5,"y":136},"upperLeft":{"x":130.5,"y":84}},"dockers":[]},{"resourceId":"oryx_F19D8824-3A8E-495E-BD34-985EA4C35E26","properties":{"id":"","name":"","documentation":"","auditing":"","monitoring":"","eventdefinitionref":"","eventdefinitions":"","datainputassociations":"","datainput":"","inputset":"","bgcolor":"#ffffff","trigger":"None"},"stencil":{"id":"EndNoneEvent"},"childShapes":[],"outgoing":[],"bounds":{"lowerRight":{"x":351,"y":124},"upperLeft":{"x":323,"y":96}},"dockers":[]}],"outgoing":[],"bounds":{"lowerRight":{"x":600,"y":500},"upperLeft":{"x":30,"y":250}},"dockers":[]},{"resourceId":"oryx_6FFAC25C-846B-4817-A9D3-F6F1EF096351","properties":{"id":"","name":"Call center","documentation":"","auditing":"","monitoring":"","bgcolor":"#ffffff","parentpool":"","parentlane":"","showcaption":true},"stencil":{"id":"Lane"},"childShapes":[{"resourceId":"oryx_7DF23286-6562-452C-B3BB-2ACB056E08EC","properties":{"id":"","name":"","documentation":"","auditing":"","monitoring":"","isinterrupting":true,"bgcolor":"#ffffff","trigger":"Message"},"stencil":{"id":"IntermediateMessageEventCatching"},"childShapes":[],"outgoing":[{"resourceId":"oryx_D2F09D53-00B3-423B-9DFD-16E7AEFCFEB0_edge"}],"bounds":{"lowerRight":{"x":99,"y":106},"upperLeft":{"x":69,"y":76}},"dockers":[{"x":84,"y":91,"id":"oryx_103B0DD4-3E0E-4998-97E5-CA9165D664D5"}]},{"resourceId":"oryx_D2F09D53-00B3-423B-9DFD-16E7AEFCFEB0","properties":{"id":"","name":"Analyze request","documentation":"","auditing":"","monitoring":"","categories":"","startquantity":1,"completionquantity":1,"status":"None","performers":"","properties":"","inputsets":"","inputs":"","outputsets":"","outputs":"","iorules":"","testtime":"After","mi_condition":"","mi_flowcondition":"All","isforcompensation":"","assignments":"","pool":"","lanes":"","looptype":"None","loopcondition":"","loopcounter":1,"loopmaximum":1,"callacitivity":"","activitytype":"Task","tasktype":"None","inmessage":"","outmessage":"","implementation":"Webservice","complexmi_condition":"","messageref":"","operationref":"","taskref":"","instantiate":"","script":"","bgcolor":"#ffffcc"},"stencil":{"id":"Task"},"childShapes":[],"outgoing":[{"resourceId":"oryx_83653796-22A7-4180-9E1A-E32A5D7949CF"}],"bounds":{"lowerRight":{"x":248,"y":119},"upperLeft":{"x":134,"y":63}},"dockers":[]},{"resourceId":"oryx_C603DBAC-CD2F-403C-AF27-C19059507C6B","properties":{"id":"","name":"","documentation":"","auditing":"","monitoring":"","eventdefinitionref":"","eventdefinitions":"","datainputassociations":"","datainput":"","inputset":"","bgcolor":"#ffffff","trigger":"None"},"stencil":{"id":"EndNoneEvent"},"childShapes":[],"outgoing":[],"bounds":{"lowerRight":{"x":458,"y":105},"upperLeft":{"x":430,"y":77}},"dockers":[]},{"resourceId":"oryx_FAA5A544-0018-4751-BEB1-B1951AA82B5E","properties":{"id":"","name":"","documentation":"","auditing":"","monitoring":"","categories":"","assignments":"","pool":"","lanes":"","gates":"","gates_outgoingsequenceflow":"","gates_assignments":"","bgcolor":"#ffffff","gatewaytype":"XOR","xortype":"Data","markervisible":"true","defaultgate":"","gate_outgoingsequenceflow":"","gate_assignments":""},"stencil":{"id":"Exclusive_Databased_Gateway"},"childShapes":[],"outgoing":[{"resourceId":"oryx_D5F4532C-C8EB-4E48-B2C9-BB0E88DB471D_edge"},{"resourceId":"oryx_9E36CE83-F828-4458-97F0-CE7994B35F7F"}],"bounds":{"lowerRight":{"x":318,"y":111},"upperLeft":{"x":278,"y":71}},"dockers":[]},{"resourceId":"oryx_D5F4532C-C8EB-4E48-B2C9-BB0E88DB471D","properties":{"id":"","name":"Decide","documentation":"","auditing":"","monitoring":"","categories":"","startquantity":1,"completionquantity":1,"status":"None","performers":"","properties":"","inputsets":"","inputs":"","outputsets":"","outputs":"","iorules":"","testtime":"After","mi_condition":"","mi_flowcondition":"All","isforcompensation":"","assignments":"","pool":"","lanes":"","looptype":"None","loopcondition":"","loopcounter":1,"loopmaximum":1,"callacitivity":"","activitytype":"Task","tasktype":"None","inmessage":"","outmessage":"","implementation":"Webservice","complexmi_condition":"","messageref":"","operationref":"","taskref":"","instantiate":"","script":"","bgcolor":"#ffffcc"},"stencil":{"id":"Task"},"childShapes":[],"outgoing":[{"resourceId":"oryx_F7F39919-2298-49A3-87C6-AA7842C1BC7F"}],"bounds":{"lowerRight":{"x":389,"y":190},"upperLeft":{"x":293,"y":150}},"dockers":[]}],"outgoing":[],"bounds":{"lowerRight":{"x":600,"y":250},"upperLeft":{"x":30,"y":0}},"dockers":[]}],"outgoing":[],"bounds":{"lowerRight":{"x":712,"y":635},"upperLeft":{"x":112,"y":135}},"dockers":[]},{"resourceId":"oryx_D2F09D53-00B3-423B-9DFD-16E7AEFCFEB0_edge","properties":{"id":"","name":"","documentation":"","auditing":"","monitoring":"","conditiontype":"None","conditionexpression":"","showdiamondmarker":""},"stencil":{"id":"SequenceFlow"},"childShapes":[],"outgoing":[{"resourceId":"oryx_D2F09D53-00B3-423B-9DFD-16E7AEFCFEB0"}],"bounds":{"lowerRight":{"x":275.15625,"y":227},"upperLeft":{"x":241.2109375,"y":225}},"dockers":[{"x":15,"y":15,"id":"oryx_D2F09D53-00B3-423B-9DFD-16E7AEFCFEB0_edge_0"},{"x":57.00000000000001,"y":28,"id":"oryx_D2F09D53-00B3-423B-9DFD-16E7AEFCFEB0_edge_2"}],"target":{"resourceId":"oryx_D2F09D53-00B3-423B-9DFD-16E7AEFCFEB0"}},{"resourceId":"oryx_3EEED7FA-2A77-4CCB-A4E0-FC392A551796_edge","properties":{"id":"","name":"","documentation":"","auditing":"","monitoring":"","conditiontype":"None","conditionexpression":"","showdiamondmarker":""},"stencil":{"id":"SequenceFlow"},"childShapes":[],"outgoing":[{"resourceId":"oryx_3EEED7FA-2A77-4CCB-A4E0-FC392A551796"}],"bounds":{"lowerRight":{"x":271.7890625,"y":496},"upperLeft":{"x":241.125,"y":494}},"dockers":[{"x":15,"y":15,"id":"oryx_3EEED7FA-2A77-4CCB-A4E0-FC392A551796_edge_0"},{"x":66.5,"y":26,"id":"oryx_3EEED7FA-2A77-4CCB-A4E0-FC392A551796_edge_2"}],"target":{"resourceId":"oryx_3EEED7FA-2A77-4CCB-A4E0-FC392A551796"}},{"resourceId":"oryx_83653796-22A7-4180-9E1A-E32A5D7949CF","properties":{"id":"","name":"","documentation":"","auditing":"","monitoring":"","conditiontype":"None","conditionexpression":"","showdiamondmarker":""},"stencil":{"id":"SequenceFlow"},"childShapes":[],"outgoing":[{"resourceId":"oryx_FAA5A544-0018-4751-BEB1-B1951AA82B5E"}],"bounds":{"lowerRight":{"x":419.7734375,"y":227},"upperLeft":{"x":390.84375,"y":225}},"dockers":[{"x":57,"y":28,"id":"oryx_83653796-22A7-4180-9E1A-E32A5D7949CF_0"},{"x":20,"y":20,"id":"oryx_83653796-22A7-4180-9E1A-E32A5D7949CF_2"}],"target":{"resourceId":"oryx_FAA5A544-0018-4751-BEB1-B1951AA82B5E"}},{"resourceId":"oryx_F1386D5E-40B9-47E3-81CA-3DC3E6CF50E9","properties":{"id":"","name":"","documentation":"","auditing":"","monitoring":"","conditiontype":"None","conditionexpression":"","showdiamondmarker":""},"stencil":{"id":"SequenceFlow"},"childShapes":[],"outgoing":[{"resourceId":"oryx_F19D8824-3A8E-495E-BD34-985EA4C35E26"}],"bounds":{"lowerRight":{"x":464.875,"y":496},"upperLeft":{"x":405.625,"y":494}},"dockers":[{"x":66.5,"y":26,"id":"oryx_F1386D5E-40B9-47E3-81CA-3DC3E6CF50E9_0"},{"x":14,"y":14,"id":"oryx_F1386D5E-40B9-47E3-81CA-3DC3E6CF50E9_2"}],"target":{"resourceId":"oryx_F19D8824-3A8E-495E-BD34-985EA4C35E26"}},{"resourceId":"oryx_D5F4532C-C8EB-4E48-B2C9-BB0E88DB471D_edge","properties":{"id":"","name":"","documentation":"","auditing":"","monitoring":"","conditiontype":"None","conditionexpression":"","showdiamondmarker":""},"stencil":{"id":"SequenceFlow"},"childShapes":[],"outgoing":[{"resourceId":"oryx_D5F4532C-C8EB-4E48-B2C9-BB0E88DB471D"}],"bounds":{"lowerRight":{"x":471.8988973030943,"y":284.49561031277426},"upperLeft":{"x":447.6167276969057,"y":239.64501468722582}},"dockers":[{"x":20.5,"y":20.5,"id":"oryx_D5F4532C-C8EB-4E48-B2C9-BB0E88DB471D_edge_0"},{"x":48,"y":20,"id":"oryx_D5F4532C-C8EB-4E48-B2C9-BB0E88DB471D_edge_2"}],"target":{"resourceId":"oryx_D5F4532C-C8EB-4E48-B2C9-BB0E88DB471D"}},{"resourceId":"oryx_F7F39919-2298-49A3-87C6-AA7842C1BC7F","properties":{"id":"","name":"","documentation":"","auditing":"","monitoring":"","conditiontype":"None","conditionexpression":"","showdiamondmarker":""},"stencil":{"id":"SequenceFlow"},"childShapes":[],"outgoing":[{"resourceId":"oryx_C603DBAC-CD2F-403C-AF27-C19059507C6B"}],"bounds":{"lowerRight":{"x":574.7455801477555,"y":284.6414067395406},"upperLeft":{"x":509.5434823522445,"y":234.63203076045937}},"dockers":[{"x":48,"y":20,"id":"oryx_F7F39919-2298-49A3-87C6-AA7842C1BC7F_0"},{"x":14,"y":14,"id":"oryx_F7F39919-2298-49A3-87C6-AA7842C1BC7F_2"}],"target":{"resourceId":"oryx_C603DBAC-CD2F-403C-AF27-C19059507C6B"}},{"resourceId":"oryx_9E36CE83-F828-4458-97F0-CE7994B35F7F","properties":{"id":"","name":"","documentation":"","auditing":"","monitoring":"","conditiontype":"None","conditionexpression":"","showdiamondmarker":""},"stencil":{"id":"SequenceFlow"},"childShapes":[],"outgoing":[{"resourceId":"oryx_C603DBAC-CD2F-403C-AF27-C19059507C6B"}],"bounds":{"lowerRight":{"x":571.35938090446,"y":226.4301573441734},"upperLeft":{"x":460.82421284554005,"y":226.0503114058266}},"dockers":[{"x":20.5,"y":20.5,"id":"oryx_9E36CE83-F828-4458-97F0-CE7994B35F7F_0"},{"x":14,"y":14,"id":"oryx_9E36CE83-F828-4458-97F0-CE7994B35F7F_2"}],"target":{"resourceId":"oryx_C603DBAC-CD2F-403C-AF27-C19059507C6B"}}],"bounds":{"lowerRight":{"x":1920,"y":850},"upperLeft":{"x":0,"y":0}},"stencilset":{"url":"editor/data/stencilsets/bpmn2.0/bpmn2.0.json","namespace":"http://b3mn.org/stencilset/bpmn2.0#"}}');

CREATE TABLE `problemImpact`(
`problemImpactID` int(11) NOT NULL AUTO_INCREMENT,
`problemID` int(11) NOT NULL,
`benefitID` int(11) NOT NULL,
`impact` varchar(100) NOT NULL,
`isActive` boolean NOT NULL,
PRIMARY KEY (`problemImpactID`),
FOREIGN KEY (`problemID`) REFERENCES `problem` (`problemID`),
FOREIGN KEY (`benefitID`) REFERENCES `benefit` (`benefitID`)
);
INSERT INTO `problemImpact` (`problemImpactID`, `problemID`, `benefitID`, `impact`, `isActive`) VALUES
(1, 1, 1, 'Much time spent in waiting between steps', 1);

/*!40101 SET CHARACTER_SET_CLIENT=@OLD_CHARACTER_SET_CLIENT */;
/*!40101 SET CHARACTER_SET_RESULTS=@OLD_CHARACTER_SET_RESULTS */;
/*!40101 SET COLLATION_CONNECTION=@OLD_COLLATION_CONNECTION */;
